X,Y,Test or train,Raw prediction,Cumulative prediction,Logistic prediction
1.0,1.0,train,9.366965793650293E-4,87.68745223409984,0.562956831485869
2.0,2.0,train,8.996354501594501E-4,79.25350909645735,0.5530004414569587
3.0,3.0,train,9.586014128507842E-4,92.54542032601208,0.5686356806658308
4.0,4.0,train,8.465064120326308E-4,62.75753623528676,0.5379094433680178
5.0,5.0,train,6.893169652093429E-4,17.022146843429287,0.48663137920367283
6.0,6.0,train,9.805308985852328E-4,96.48972733084719,0.5741749904618314
7.0,7.0,train,8.372096445945169E-4,60.06187653801769,0.5351633757798563
8.0,8.0,train,9.324688684921253E-4,86.77057403804882,0.561843535451947
9.0,9.0,train,8.476599675212998E-4,63.25284516816645,0.5382479181122252
10.0,10.0,train,8.511758859631964E-4,64.63980902123986,0.539276502292079
11.0,11.0,train,8.871090090399225E-4,76.81387607177017,0.5495318696492323
12.0,12.0,train,9.808252518861988E-4,96.5614143379231,0.574248375616214
13.0,13.0,train,7.310609279389744E-4,23.548195098662248,0.5013270898697921
14.0,14.0,train,7.972913010541433E-4,43.793654581088894,0.5229916932782497
15.0,15.0,train,8.554831892749334E-4,65.91988400816714,0.5405303778715869
16.0,16.0,train,9.194406827151689E-4,83.45006554214947,0.558376830827922
17.0,17.0,train,8.618971853745886E-4,68.54330488157728,0.5423849240072389
18.0,18.0,train,8.722857564533693E-4,72.34644754228766,0.5453571262038437
19.0,19.0,train,8.742081105808614E-4,73.06437144602478,0.5459028895243644
20.0,20.0,train,9.573434776523891E-4,92.20586376180104,0.5683135569339445
21.0,21.0,train,9.322809974063817E-4,86.53168826214423,0.5617939311456941
22.0,22.0,train,9.635641740125204E-4,93.38362346186919,0.569901836049402
23.0,23.0,train,7.951048386219097E-4,42.79875676998859,0.5223065694793977
24.0,24.0,train,5.405942384754737E-4,8.953647062771184,0.42640855051925025
25.0,25.0,train,9.485746890266965E-4,90.41802599282397,0.5660546681158781
26.0,26.0,train,9.471603352696231E-4,90.01030839801075,0.5656881068135408
27.0,27.0,train,7.34924478772322E-4,24.47581651630258,0.5026448030520264
28.0,28.0,train,8.552108233265335E-4,65.82012035870268,0.5404512930779974
29.0,29.0,train,4.3847106089179937E-4,6.611277109092395,0.3761564146524864
30.0,30.0,train,9.266061794164082E-4,84.90174446376616,0.5602902760930664
31.0,31.0,train,8.701821315066706E-4,71.5281060727574,0.5447583942033883
32.0,32.0,train,7.808017424741945E-4,36.74907156937868,0.5177757137995022
33.0,33.0,train,8.178051951156036E-4,52.03696281975345,0.5293252371921894
34.0,34.0,train,8.989680198778074E-4,78.91649992926304,0.5528169777640116
35.0,35.0,train,9.677063354879517E-4,94.32105849312224,0.570952953759425
36.0,36.0,train,8.293124305651548E-4,57.06616916203417,0.5328049385956004
37.0,37.0,train,7.610429351069413E-4,31.04591058890373,0.5113733734356105
38.0,38.0,train,8.799518815953047E-4,74.75140685871446,0.5475257885934909
39.0,39.0,train,7.046170734332617E-4,19.06394692722728,0.4921171691839296
40.0,40.0,train,8.363197935805642E-4,59.810771648124664,0.5348988202141459
41.0,41.0,train,9.441733853425589E-4,88.94171390599566,0.5649119335846274
42.0,42.0,train,9.874583840676146E-4,97.34834728689115,0.5758953990285223
43.0,43.0,train,9.691201862021945E-4,94.84888470731948,0.5713105583478048
44.0,44.0,train,9.923523574710508E-4,97.59150707188257,0.5771024388348799
45.0,45.0,train,7.799847536219782E-4,36.32514170461728,0.5175143162786304
46.0,46.0,train,9.183544219688122E-4,83.18848501746317,0.5580853055607133
47.0,47.0,train,9.297712505230521E-4,85.77648857544497,0.5611301944376117
48.0,48.0,train,9.462803273563734E-4,89.6858573631593,0.5654597204537695
49.0,49.0,train,9.127003998504675E-4,81.7367458158361,0.5565616703555608
50.0,50.0,train,7.356344590888552E-4,24.687945012873417,0.5028861937980753
51.0,51.0,train,8.395555461402557E-4,60.60841893870454,0.5358593794373632
52.0,52.0,train,8.832354471212589E-4,75.80930352186546,0.5484483574054239
53.0,53.0,train,9.534277602815538E-4,91.0553933799619,0.567307759140729
54.0,54.0,train,8.329015075141544E-4,58.43360804602304,0.5338797463975509
55.0,55.0,train,8.010356036575375E-4,45.21044591506397,0.5241604100534845
56.0,56.0,train,9.447102626796981E-4,89.06420218761184,0.5650516481731929
57.0,57.0,train,9.269415501123728E-4,84.94831084463307,0.5603794260246535
58.0,58.0,train,0.0010345481893549624,99.32100597053511,0.5872313613821575
59.0,59.0,train,5.323469628143979E-4,8.491646336205134,0.4226527535972153
60.0,60.0,train,8.22630290366427E-4,53.72618295372245,0.5307906005591793
61.0,61.0,train,8.262991106418811E-4,55.764672239476425,0.5318987154659576
62.0,62.0,train,5.302252707531389E-4,8.36694745312512,0.42167857057018426
63.0,63.0,train,8.705242769506398E-4,71.9643257976926,0.5448558827206308
64.0,64.0,train,8.68530580973452E-4,70.5579724311717,0.5442872250614352
65.0,65.0,train,9.700556484558002E-4,95.15522202068273,0.5715468368625233
66.0,66.0,train,8.725724542638554E-4,72.4087906450595,0.5454386039745608
67.0,67.0,train,8.231733980385444E-4,54.00575388427146,0.530954969215127
68.0,68.0,train,8.294535083806994E-4,57.25904717334113,0.5328472802355347
69.0,69.0,train,8.572915528793069E-4,66.71655293382221,0.5410547688913273
70.0,70.0,train,9.337144190572623E-4,87.10375273869772,0.5621721190070551
71.0,71.0,train,9.565393207736678E-4,91.75588248402612,0.5681073815575636
72.0,72.0,train,7.55143159333485E-4,29.53175854093139,0.5094286104732294
73.0,73.0,train,8.76648700211492E-4,73.69105985532596,0.5465938969034315
74.0,74.0,train,7.969570269637992E-4,43.4395680188373,0.5228870764229349
75.0,75.0,train,0.001000574371670304,98.1006331737125,0.5791149058533342
76.0,76.0,train,8.096188025616103E-4,48.53573072069656,0.5268180110510927
77.0,77.0,train,7.121589232746932E-4,20.30758204285985,0.49477835490708716
78.0,78.0,train,9.284282192249618E-4,85.3811907786131,0.560774184995527
79.0,79.0,train,9.151685757463993E-4,82.28023688518284,0.5572280799336854
80.0,80.0,train,8.801130098502133E-4,74.95883357990535,0.5475711480300515
81.0,81.0,train,9.005105028957234E-4,79.55530365267421,0.5532407486105076
82.0,82.0,train,8.769903670316846E-4,73.78542818505372,0.5466904657055579
83.0,83.0,train,8.758464099548553E-4,73.26002685628744,0.546366975549265
84.0,84.0,train,9.108011570095725E-4,81.45666148002444,0.55604750589904
85.0,85.0,train,9.354088497257835E-4,87.39640434949776,0.5626183293367413
86.0,86.0,train,7.414536981524845E-4,25.97660160986256,0.5048559180849269
87.0,87.0,train,8.272770956213401E-4,56.11164501583013,0.5321932188935337
88.0,88.0,train,7.712819959999872E-4,33.51008450379298,0.5147121587040216
89.0,89.0,train,7.976449815761707E-4,43.90897491775632,0.5231023337720361
90.0,90.0,train,9.755689664166169E-4,95.6169585083719,0.5729341135816222
91.0,91.0,train,8.434214160036694E-4,61.64571112987119,0.5370018050469338
92.0,92.0,train,9.863623737795845E-4,97.26458492618137,0.57562413630764
93.0,93.0,train,8.738961317383167E-4,72.94441218818207,0.545814406683353
94.0,94.0,train,6.629855176570342E-4,14.821006391479008,0.47690761827968436
95.0,95.0,train,9.088144190352021E-4,81.22449964424513,0.5555083771430234
96.0,96.0,train,8.273919072041058E-4,56.31665484781671,0.532227768131883
97.0,97.0,train,7.986160851291816E-4,44.51194303111471,0.5234058565335303
98.0,98.0,train,7.369741859373879E-4,25.064223804240253,0.5033410584280715
99.0,99.0,train,9.574976222427959E-4,92.2982886313364,0.5683530551237816
100.0,100.0,train,8.483599367000236E-4,63.49912494487933,0.5384530605341047
101.0,101.0,train,8.733457669492673E-4,72.62577643261491,0.5456582291767085
102.0,102.0,train,8.674307007254602E-4,70.29744416282946,0.543972899947626
103.0,103.0,train,7.7377758202418E-4,34.33882110576959,0.515519023017711
104.0,104.0,train,7.447956139258199E-4,26.56337202538587,0.5059800658192576
105.0,105.0,train,8.095822812206007E-4,48.50213367942963,0.5268067659006291
106.0,106.0,train,8.703545419333304E-4,71.69421658998083,0.5448075248376226
107.0,107.0,train,8.54456486930544E-4,65.46948704381079,0.5402321200731873
108.0,108.0,train,9.27657164553407E-4,85.05590786202175,0.560569533455322
109.0,109.0,train,9.051182814000877E-4,80.37420252256855,0.5545018872753956
110.0,110.0,train,0.00101440964355852,98.5490732303595,0.5824584171893428
111.0,111.0,train,7.407436785110071E-4,25.796222598825366,0.5046164236738976
112.0,112.0,train,8.255399101744947E-4,55.21059388736522,0.531669839468353
113.0,113.0,train,8.584709432460959E-4,67.27722465461919,0.541396125237065
114.0,114.0,train,8.581594970245886E-4,67.06166172865309,0.5413060312847908
115.0,115.0,train,8.220355969527273E-4,53.43384207734246,0.5306104875685368
116.0,116.0,train,7.813758164085461E-4,37.088712602043316,0.5179592207466819
117.0,117.0,train,5.785279212972696E-4,10.262873962548797,0.4430725083182967
118.0,118.0,train,8.94179821453457E-4,78.29768592093045,0.5514963657741405
119.0,119.0,train,8.570316481907142E-4,66.58471898108165,0.5409794751454212
120.0,120.0,train,9.553352000257005E-4,91.38969937380311,0.5677982921492615
121.0,121.0,train,8.759966674045215E-4,73.46675963122644,0.5464094919466908
122.0,122.0,train,7.762793547292243E-4,35.0578159646865,0.5163251990161292
123.0,123.0,train,9.14554512713959E-4,82.15953878407295,0.5570624696401648
124.0,124.0,train,9.230850526939046E-4,84.02581839997804,0.559352085081407
125.0,125.0,train,8.684440665872903E-4,70.53748121173884,0.5442625165770242
126.0,126.0,train,7.925746945998564E-4,41.65422232791484,0.521511293203538
127.0,127.0,train,8.66355649459204E-4,69.84620112777986,0.5436652511721008
128.0,128.0,train,8.1599734777117E-4,51.056191418715606,0.5287738408474982
129.0,129.0,train,0.0010490344644071455,99.79248977631151,0.5905977593689451
130.0,130.0,train,6.554493371555778E-4,14.089959132592153,0.4740564645686591
131.0,131.0,train,8.003876997156045E-4,45.06218527442787,0.5239585884034729
132.0,132.0,train,8.014888673648429E-4,45.31207501603887,0.5243014996932966
133.0,133.0,train,8.180570513446204E-4,52.35685539989552,0.529401951355762
134.0,134.0,train,7.934906536835467E-4,42.04291828188173,0.521799503579519
135.0,135.0,train,8.495266082875776E-4,64.02955944224621,0.538794576275364
136.0,136.0,train,8.278165842937389E-4,56.40372404480065,0.5323555181314232
137.0,137.0,train,8.936883843889758E-4,78.16351021642222,0.5513603831809479
138.0,138.0,train,6.643899649153363E-4,15.021971226958772,0.4774355472765939
139.0,139.0,train,6.898339351095386E-4,17.162374077369723,0.486818670350057
140.0,140.0,train,9.674863914748001E-4,94.28713969195631,0.5708972697930513
141.0,141.0,train,7.47252440865199E-4,27.00754417521724,0.5068032387455972
142.0,142.0,train,8.452436260622591E-4,62.544942863945444,0.5375383489770559
143.0,143.0,train,8.611652398915804E-4,68.30910699122218,0.5421740459989605
144.0,144.0,train,8.143611277371129E-4,50.548005397572766,0.5282736761530478
145.0,145.0,train,8.168256366718712E-4,51.35824536875648,0.5290266305667963
146.0,146.0,train,8.782108777207538E-4,74.34114560424284,0.547035095497983
147.0,147.0,train,7.812732627916285E-4,37.00544406199792,0.5179264489773314
148.0,148.0,train,7.240840118478589E-4,22.4191608132524,0.4989297493925211
149.0,149.0,train,0.0010213762234127018,98.75298212112999,0.5841219721430385
150.0,150.0,train,7.929616161036896E-4,41.83520089851549,0.5216330820509194
151.0,151.0,train,8.817375851004958E-4,75.45600169250223,0.5480279768575633
152.0,152.0,train,8.606550029832248E-4,68.13776451408837,0.5420269285975479
153.0,153.0,train,4.8648746507207386E-4,7.278828503036221,0.4008373657984404
154.0,154.0,train,8.305217316965689E-4,57.809618797192755,0.5331676368635818
155.0,155.0,train,7.733102735825655E-4,34.13562187653033,0.5153681386867157
156.0,156.0,train,9.697498773444818E-4,95.09603079520612,0.5714696340307883
157.0,157.0,train,2.0361188180202937E-4,2.3842578886588583,0.2187487839330462
158.0,158.0,train,7.703023670754004E-4,33.29059762469101,0.5143946934077727
159.0,159.0,train,8.489007471916602E-4,63.77475968394458,0.5386114329842882
160.0,160.0,train,8.077969455195416E-4,47.72641581000883,0.5262563973649335
161.0,161.0,train,9.288220820967641E-4,85.53933214042229,0.5608786496271507
162.0,162.0,train,9.726441739041716E-4,95.41885692261106,0.572199289689268
163.0,163.0,train,8.084036529235928E-4,47.97560871719751,0.5264435716629333
164.0,164.0,train,8.705573308482843E-4,72.03680674086715,0.5448652986541654
165.0,165.0,train,8.704394209347637E-4,71.77652016720927,0.5448317083378516
166.0,166.0,train,8.053702086095073E-4,46.75893163636086,0.5255062469108736
167.0,167.0,train,9.117408289189595E-4,81.54934715821413,0.5563020435291048
168.0,168.0,train,3.4448131027613513E-4,4.739195007111555,0.3214429246890333
169.0,169.0,train,8.575476276490275E-4,66.82188129764644,0.541128928965345
170.0,170.0,train,7.61668274000453E-4,31.28780580423457,0.5115786025991685
171.0,171.0,train,6.961254351068554E-4,18.013011012806583,0.4890870918088284
172.0,172.0,train,9.185654681537492E-4,83.28912801075775,0.5581419752092059
173.0,173.0,train,9.694644988620702E-4,94.98402322394055,0.571397554941053
174.0,174.0,train,8.579368153829254E-4,66.96157543420422,0.5412415930992058
175.0,175.0,train,9.184167116417117E-4,83.21823008081533,0.5581020329560051
176.0,176.0,train,8.295882339869199E-4,57.36687071838407,0.5328877082252952
177.0,177.0,train,8.117965712970981E-4,49.26545392367529,0.5274875949503277
178.0,178.0,train,8.224487551471136E-4,53.60510591425807,0.5307356341966645
179.0,179.0,train,9.240144488930299E-4,84.32754049569893,0.5596001079000329
180.0,180.0,train,7.18190085022617E-4,21.269551327500242,0.4968865010673622
181.0,181.0,train,9.278547864130654E-4,85.13728992572042,0.5606220039638047
182.0,182.0,train,8.77585446550865E-4,74.08003872470655,0.546858560962654
183.0,183.0,train,8.476746150900768E-4,63.26542804910056,0.5382522127946432
184.0,184.0,train,8.053711474588856E-4,46.75933468574639,0.5255065375864072
185.0,185.0,train,8.089719060880644E-4,48.17070201634893,0.5266187484175117
186.0,186.0,train,6.855577218358022E-4,16.49661986384324,0.48526533421301876
187.0,187.0,train,7.352613495111325E-4,24.541689318310215,0.5027593671086317
188.0,188.0,train,7.731084769887159E-4,34.0440902001941,0.5153029536385626
189.0,189.0,train,7.799518131380444E-4,36.302605433387036,0.5175037709491508
190.0,190.0,train,9.081472301411195E-4,81.00346223596907,0.555327032412288
191.0,191.0,train,7.888999266447731E-4,40.3018503467747,0.5203515107958384
192.0,192.0,train,8.568055879803951E-4,66.33377151267986,0.5409139659693805
193.0,193.0,train,8.641497622607001E-4,69.25813562694633,0.5430326881523295
194.0,194.0,train,9.079854195332122E-4,80.90113806022109,0.5552830293152424
195.0,195.0,train,0.0010449309812127384,99.5771540257501,0.5896497570657029
196.0,196.0,train,9.461151841621087E-4,89.53702718138855,0.5654168344635341
197.0,197.0,train,8.29863499190128E-4,57.52475987698913,0.5329702870971511
198.0,198.0,train,8.568748960847249E-4,66.50500272629976,0.5409340525033656
199.0,199.0,train,0.0010216021360520378,98.79158985614201,0.5841756961253856
200.0,200.0,train,6.77929823930703E-4,15.771565385234965,0.4824710229321922
201.0,201.0,train,8.229090753937011E-4,53.87365575519203,0.5308749877560487
202.0,202.0,train,8.258773872799332E-4,55.45562521858339,0.5317716062434282
203.0,203.0,train,9.655655248905825E-4,93.9332317948319,0.5704103424982855
204.0,204.0,train,8.99272933159871E-4,79.01547241121351,0.552900811217018
205.0,205.0,train,7.839640307041632E-4,38.570869157779626,0.5187848311247953
206.0,206.0,train,9.222532453533525E-4,83.84131381631016,0.5591298682409261
207.0,207.0,train,9.645425002178782E-4,93.54797759898686,0.5701505610626957
208.0,208.0,train,7.452618210456323E-4,26.703266556779482,0.5061364821680735
209.0,209.0,train,8.425574883008856E-4,61.32211574986142,0.536746989001019
210.0,210.0,train,7.667950964217767E-4,32.55419039442643,0.5132546895930282
211.0,211.0,train,8.859817997570993E-4,76.51681642162312,0.5492171036017822
212.0,212.0,train,9.455867439237314E-4,89.37774403857122,0.5652795470649841
213.0,213.0,train,8.304279236562618E-4,57.770408094675396,0.5331395217428238
214.0,214.0,train,0.001023148627646568,99.0596039598405,0.5845430928160298
215.0,215.0,train,8.586808990762358E-4,67.36071876828568,0.5414568404749546
216.0,216.0,train,8.318764772088868E-4,58.1725609580333,0.5335732891362197
217.0,217.0,train,7.595526524595268E-4,30.526186052317225,0.5108835835228256
218.0,218.0,train,8.980373967871328E-4,78.76831438416797,0.5525609159183976
219.0,219.0,train,0.0010227406212020282,98.98889456709418,0.5844462266612778
220.0,220.0,train,8.308823692978328E-4,57.9170801246231,0.5332756916988574
221.0,221.0,train,7.949314211260852E-4,42.758079454567195,0.5222521451923815
222.0,222.0,train,8.595569771644643E-4,67.68081754277921,0.541710012217022
223.0,223.0,train,9.058378771051386E-4,80.54969185936848,0.5546981965003728
224.0,224.0,train,8.591292374062801E-4,67.53831611418276,0.5415864376008499
225.0,225.0,train,9.496217773799425E-4,90.57909745081227,0.5663256460411551
226.0,226.0,train,6.986678336154656E-4,18.276822665269666,0.4899980829049207
227.0,227.0,train,8.173396826137117E-4,51.795317178347716,0.5291833785262908
228.0,228.0,train,7.880225224821418E-4,39.852298355295964,0.5200737639813307
229.0,229.0,train,8.559117423046653E-4,66.07682767043285,0.540654758405908
230.0,230.0,train,8.405726417311989E-4,60.83579947977751,0.5361604934106629
231.0,231.0,train,9.319699716741808E-4,86.33491744986644,0.5617117851637422
232.0,232.0,train,9.398259944570208E-4,88.13802673862284,0.5637772729867923
233.0,233.0,train,8.905974384773894E-4,77.3163178138675,0.5505032122347425
234.0,234.0,train,8.528231258477119E-4,64.9401122522595,0.5397568286163398
235.0,235.0,train,8.809927805012212E-4,75.20911665136566,0.5478186531737232
236.0,236.0,train,7.552085178774232E-4,29.55886600228939,0.5094502396243906
237.0,237.0,train,7.63045137839149E-4,31.726625445166942,0.5120298666530596
238.0,238.0,train,8.049006724819272E-4,46.51715601653276,0.5253608300008096
239.0,239.0,train,7.318809838085064E-4,23.6756281954371,0.5016073637705701
240.0,240.0,train,8.841530020549085E-4,76.07429627255217,0.5487054865932797
241.0,241.0,train,9.106674584110179E-4,81.44347395663861,0.5560112659875197
242.0,242.0,train,7.365847980849292E-4,24.96712981627358,0.5032089391312611
243.0,243.0,train,9.179884532871836E-4,83.01372472232536,0.557987002004694
244.0,244.0,train,8.998508939320587E-4,79.33989385014415,0.553059630653731
245.0,245.0,train,9.58782644282652E-4,92.58597357990263,0.5686820495982553
246.0,246.0,train,7.948767242674684E-4,42.69390550901124,0.5222349768919116
247.0,247.0,train,9.779934990920495E-4,95.77770458411818,0.5735413414332775
248.0,248.0,train,9.461298793050623E-4,89.55027072319282,0.565420650984237
249.0,249.0,train,8.337204313660764E-4,58.80875150571781,0.534124293984494
250.0,250.0,train,8.166715767361519E-4,51.275273346073696,0.5289796327619521
251.0,251.0,train,9.960588967408244E-4,97.84263477049646,0.5780120497425443
252.0,252.0,train,7.048194880092827E-4,19.275354182169547,0.49218895841104693
253.0,253.0,train,8.800644431412208E-4,74.89628121522685,0.5475574769065353
254.0,254.0,train,7.506632795840998E-4,28.115559876180807,0.5079415209427565
255.0,255.0,train,3.572660816803468E-4,5.094327288490266,0.329442504852996
256.0,256.0,train,8.81062277334328E-4,75.225216974347,0.5478381931196132
257.0,257.0,train,8.383930805813377E-4,60.37206317148928,0.5355147491639682
258.0,258.0,train,9.254241307167197E-4,84.63909954064533,0.5599757694269517
259.0,259.0,train,8.614574870594629E-4,68.4026162371554,0.5422582675145762
260.0,260.0,train,8.272534692759439E-4,56.069457346402814,0.5321861085923296
261.0,261.0,train,9.348203470073886E-4,87.27830011651088,0.5624634565163907
262.0,262.0,train,9.16793048921198E-4,82.83001876604486,0.5576655971593125
263.0,263.0,train,8.836854746489112E-4,75.9392727258497,0.5485745065793711
264.0,264.0,train,7.046308008681382E-4,19.078314990704722,0.4921220384568222
265.0,265.0,train,7.856956944436143E-4,39.13929965212251,0.5193356345363503
266.0,266.0,train,8.467723915604784E-4,62.834943243933836,0.5379875307431016
267.0,267.0,train,8.85884164094689E-4,76.49874044458952,0.5491898187596214
268.0,268.0,train,9.960910926627318E-4,97.84481781505615,0.5780199337073086
269.0,269.0,train,8.392609559738746E-4,60.54557011454031,0.5357720921709581
270.0,270.0,train,8.79781900389798E-4,74.67791259107437,0.5474779270910195
271.0,271.0,train,8.417774295361818E-4,61.14779103458314,0.5365166690738952
272.0,272.0,train,8.240389977753423E-4,54.40805946334426,0.5312167004834593
273.0,273.0,train,7.742203549481853E-4,34.515162075082436,0.515661898675539
274.0,274.0,train,7.856190217375632E-4,39.0705809443187,0.5193112733475254
275.0,275.0,train,8.074471922417544E-4,47.565589119328585,0.5261484283098968
276.0,276.0,train,8.69719486007469E-4,71.25375178061341,0.5446265048131175
277.0,277.0,train,6.479324726135678E-4,13.603572465066772,0.47118148793947756
278.0,278.0,train,9.526310504168068E-4,90.76959350577711,0.5671025408046181
279.0,279.0,train,9.786576278102103E-4,95.9263583045058,0.5737073723027231
280.0,280.0,train,8.869017654173828E-4,76.78276115927703,0.5494740311655826
281.0,281.0,train,7.896961548097559E-4,40.54568356786017,0.5206032828340366
282.0,282.0,train,8.830583711921605E-4,75.77254350827585,0.548398701150583
283.0,283.0,train,7.780888049074995E-4,35.77325037771777,0.51690660970278
284.0,284.0,train,8.205787134180756E-4,53.140196010222965,0.5301686608021081
285.0,285.0,train,7.532996069967763E-4,28.76513809511167,0.5088177357043986
286.0,286.0,train,8.1878100048224E-4,52.6488984203629,0.5296223235028089
287.0,287.0,train,5.602981390299049E-4,9.536174688240434,0.4351868719969987
288.0,288.0,train,7.557024289354649E-4,29.768758472142395,0.5096136283302732
289.0,289.0,train,8.130335848163499E-4,49.77196185504198,0.5278670879419551
290.0,290.0,train,9.313394458385225E-4,86.08033139234205,0.5615451604674732
291.0,291.0,train,8.117336931077639E-4,49.253730187201285,0.5274682887848618
292.0,292.0,train,5.528491974949962E-4,9.384298027687445,0.4319000519971577
293.0,293.0,train,9.598245417350545E-4,92.77786185365329,0.5689484307931293
294.0,294.0,train,8.627242258165481E-4,68.73798189980684,0.542622965819478
295.0,295.0,train,8.143861616388876E-4,50.58198580745559,0.5282813365899273
296.0,296.0,train,8.01074020227331E-4,45.219059535320184,0.5241723714155229
297.0,297.0,train,7.339037291987493E-4,24.166590608032333,0.5022973407825524
298.0,298.0,train,5.312946180532752E-4,8.42979654248472,0.4221699760438743
299.0,299.0,train,5.787572697232473E-4,10.278491411537969,0.44317031502222903
300.0,300.0,train,8.042710721574977E-4,46.275878674414706,0.5251657007286409
301.0,301.0,train,8.886779799134059E-4,77.04918939842447,0.5499692637808299
302.0,302.0,train,7.598863468856508E-4,30.669720790624645,0.5109933394012176
303.0,303.0,train,8.599120303323572E-4,67.80252546387791,0.5418125369829315
304.0,304.0,train,3.0815441146498463E-4,3.7584954730215445,0.29763455442142484
305.0,305.0,train,6.694086661658353E-4,15.284582462203536,0.47931339096900316
306.0,306.0,train,9.047241001960983E-4,80.27807271303583,0.5543942793245762
307.0,307.0,train,8.029362769983752E-4,45.79364708361058,0.5247514824119615
308.0,308.0,train,3.3513202942884226E-4,4.493058825101178,0.3154710840365739
309.0,309.0,train,8.591187347616245E-4,67.53480006653662,0.5415834025338234
310.0,310.0,train,5.355594671046271E-4,8.741487642489163,0.424121556292403
311.0,311.0,train,7.924693958547055E-4,41.60301721871581,0.5214781382445645
312.0,312.0,train,9.327848855314746E-4,86.88145081564741,0.5619269492860849
313.0,313.0,train,7.528358082965924E-4,28.605145212508475,0.5086638129669494
314.0,314.0,train,7.642697605382712E-4,32.050784727731354,0.5124305339259134
315.0,315.0,train,8.773186245290271E-4,73.94754034691651,0.5467832057555013
316.0,316.0,train,6.898035572903774E-4,17.154381021400845,0.4868076686596012
317.0,317.0,train,8.580986093299003E-4,67.01964937578653,0.5412884137923436
318.0,318.0,train,7.665064809126654E-4,32.51009355843369,0.5131606395611247
319.0,319.0,train,5.21206468625955E-4,8.160905175646757,0.417500599293077
320.0,320.0,train,9.550571949107707E-4,91.34186789488808,0.5677268673001082
321.0,321.0,train,7.837031434547218E-4,38.15782248244476,0.5187017393035319
322.0,322.0,train,6.946516699950365E-4,17.751304115456964,0.48855752133129554
323.0,323.0,train,8.24979192912467E-4,54.90094632766932,0.5315006564130578
324.0,324.0,train,6.00590166468737E-4,11.038038397435589,0.45232634932026683
325.0,325.0,train,7.33697760343791E-4,24.027361725432453,0.5022271702897414
326.0,326.0,train,7.812082725052148E-4,36.96902915058209,0.5179056785422067
327.0,327.0,train,7.882631614333572E-4,40.06530284776001,0.5201499714903942
328.0,328.0,train,8.266162832292562E-4,55.885616235140084,0.5319942671782811
329.0,329.0,train,8.848504866280015E-4,76.30736846342278,0.5489007489781378
330.0,330.0,train,8.35903830539909E-4,59.58733573982704,0.5347750497536523
331.0,331.0,train,8.223094751484804E-4,53.51221148884078,0.5306934534011282
332.0,332.0,train,7.902782764182032E-4,40.77945005901778,0.520787185922228
333.0,333.0,train,2.259431518670858E-4,2.599281384609977,0.2370529666373691
334.0,334.0,train,8.20409118406383E-4,53.11571674228461,0.5301171739367491
335.0,335.0,train,9.550266606294623E-4,91.33650113099083,0.5677190210184232
336.0,336.0,train,0.0010466054053434159,99.69176961714345,0.5900371186328673
337.0,337.0,train,9.057793609427492E-4,80.53542139825024,0.5546822394678509
338.0,338.0,train,8.912640551316036E-4,77.5035408908352,0.5506883530840594
339.0,339.0,train,8.302631077123435E-4,57.7015168895511,0.5330901167065071
340.0,340.0,train,7.88865759333051E-4,40.28915776873963,0.5203407009728471
341.0,341.0,train,3.6518549121206025E-4,5.2611670353092075,0.33430385261563667
342.0,342.0,train,8.698936205369683E-4,71.35498315923954,0.5446761554545381
343.0,343.0,train,8.50170889106744E-4,64.28461016756664,0.5389829578450787
344.0,344.0,train,8.442799252242022E-4,62.081161003232396,0.5372547453641788
345.0,345.0,train,7.256670234951481E-4,22.79481612982393,0.49947570799356195
346.0,346.0,train,3.509336114520249E-4,4.932388327120511,0.325503917949398
347.0,347.0,train,7.749376684634999E-4,34.82481005321113,0.5158931853800116
348.0,348.0,train,7.855469669186582E-4,39.02697774785844,0.5192883771473122
349.0,349.0,train,9.464295956686263E-4,89.82038079989022,0.5654984766180836
350.0,350.0,train,5.711171566561533E-4,9.916385382586057,0.4398935555886142
351.0,351.0,train,9.688787850389585E-4,94.75178396175,0.5712495430739414
352.0,352.0,train,8.170709861903899E-4,51.54615935317523,0.5291014579797414
353.0,353.0,train,9.151808615563678E-4,82.28350576055763,0.5572313921028496
354.0,354.0,train,8.755468374310078E-4,73.22642679531113,0.5462821856153872
355.0,355.0,train,7.726536848775334E-4,33.81882472412221,0.5151559807728973
356.0,356.0,train,8.780436163861325E-4,74.31163955755486,0.5469878976996898
357.0,357.0,train,9.886170514825556E-4,97.40261674683369,0.5761817925642098
358.0,358.0,train,8.86609071727809E-4,76.69814230520296,0.5493923195868317
359.0,359.0,train,8.46404196099733E-4,62.7402814422897,0.5378794273680605
360.0,360.0,train,7.38859404061282E-4,25.31259078970364,0.5039797204932321
361.0,361.0,train,9.9751994432876E-4,97.9676383222931,0.5783695268430148
362.0,362.0,train,8.071370295612084E-4,47.33937523374786,0.5260526397158575
363.0,363.0,train,7.460950071766802E-4,26.849462793908685,0.50641577646711
364.0,364.0,train,7.645253583467331E-4,32.127723481951946,0.5125140764377744
365.0,365.0,train,9.707529067379556E-4,95.29014174576132,0.5717227806078794
366.0,366.0,train,8.375973379420118E-4,60.171465495536744,0.5352785441537121
367.0,367.0,train,8.085954455402747E-4,48.050471446629004,0.5265027105219485
368.0,368.0,train,2.88565190240289E-4,3.3365519106165897,0.28408917862072997
369.0,369.0,train,8.701552396212224E-4,71.50707281457726,0.5447507300483675
370.0,370.0,train,8.440087678153178E-4,61.93868923105187,0.537174884833783
371.0,371.0,train,9.457169471343145E-4,89.41696283346985,0.5653133815726278
372.0,372.0,train,8.625710240890135E-4,68.70322741159913,0.5425788894267738
373.0,373.0,train,8.094115254518535E-4,48.34505049325456,0.5267541820338433
374.0,374.0,train,8.573816171892072E-4,66.76223711920301,0.5410808545367479
375.0,375.0,train,8.547711779025828E-4,65.61321385572724,0.5403235791812802
376.0,376.0,train,6.81511376861606E-4,16.116622807897546,0.48378681408644186
377.0,377.0,train,7.82952009033321E-4,37.80842235585632,0.5184623448779099
378.0,378.0,train,7.606583494649371E-4,30.929202950074004,0.5112470710970634
379.0,379.0,train,7.266528783686392E-4,22.914797918331484,0.499815114790224
380.0,380.0,train,7.753816686579429E-4,34.90196032208927,0.5160362357632673
381.0,381.0,train,7.839455711461629E-4,38.48195675190294,0.5187789527530945
382.0,382.0,train,8.190433181744818E-4,52.72035415320609,0.5297021228111627
383.0,383.0,train,8.265381284213919E-4,55.86315322224479,0.5319707258093158
384.0,384.0,train,8.427785667286042E-4,61.399990116436456,0.5368122229292885
385.0,385.0,train,9.62822288225851E-4,93.25899018756849,0.5697130305425854
386.0,386.0,train,8.98049321027556E-4,78.76949273057973,0.5525641987393412
387.0,387.0,train,7.181582085202103E-4,21.264157848441865,0.4968754051297969
388.0,388.0,train,5.990766372176746E-4,10.814844846519728,0.4517013469448527
389.0,389.0,train,9.451731204821775E-4,89.2531556137012,0.5651720282387896
390.0,390.0,train,9.234419930178996E-4,84.14929189157344,0.5594473728049696
391.0,391.0,train,7.539306515729827E-4,29.01371005719222,0.509027008194003
392.0,392.0,train,3.179485260133331E-4,3.9936223443989585,0.3042164996719652
393.0,393.0,train,7.858500568245849E-4,39.277606568988126,0.5193846725460735
394.0,394.0,train,8.273424681350506E-4,56.228375468712,0.5322128914939191
395.0,395.0,train,7.53823041903318E-4,28.970713133379284,0.5089913343523007
396.0,396.0,train,9.436377832524502E-4,88.8195637934203,0.5647724613930545
397.0,397.0,train,8.196336371775303E-4,52.96738561387084,0.5298816039643941
398.0,398.0,train,8.779802354481105E-4,74.27960104933658,0.5469700102987163
399.0,399.0,train,7.541960660061777E-4,29.13321013605673,0.5091149739716466
400.0,400.0,train,8.313585089786909E-4,58.05891574833886,0.5334182768640853
401.0,401.0,train,8.056626491821573E-4,46.88447679390109,0.5255967717129179
402.0,402.0,train,9.857488699926776E-4,97.21769166250667,0.575472142483994
403.0,403.0,train,9.423554031877924E-4,88.60686594998762,0.5644381626300263
404.0,404.0,train,7.769608000363303E-4,35.26276039547832,0.5165443245326908
405.0,405.0,train,8.442847065486314E-4,62.08253644550534,0.5372561532993649
406.0,406.0,train,8.035209128117263E-4,45.956959007831564,0.5249329975606402
407.0,407.0,train,7.386084622519618E-4,25.278340453459993,0.5038948028255043
408.0,408.0,train,8.071154059123187E-4,47.323600638723846,0.526045960166822
409.0,409.0,train,9.793054986469742E-4,96.07157546254736,0.573869214209784
410.0,410.0,train,7.839375184899788E-4,38.443108852910306,0.518776388372261
411.0,411.0,train,7.119485205226153E-4,20.268164165149397,0.49470449128065097
412.0,412.0,train,8.227933824864822E-4,53.815835628510676,0.5308399716256894
413.0,413.0,train,9.561701707449164E-4,91.53428776563304,0.5680126703180493
414.0,414.0,train,7.476466043558342E-4,27.06137871423153,0.5069350500221174
415.0,415.0,train,9.653146479168054E-4,93.83747516098121,0.5703466651998752
416.0,416.0,train,8.021504938963708E-4,45.50938170839282,0.5245072973256978
417.0,417.0,train,6.970404468714735E-4,18.107957090232905,0.4894153330492465
418.0,418.0,train,9.518061836496516E-4,90.71737166547143,0.566889864544891
419.0,419.0,train,9.256242428302324E-4,84.76540210109341,0.5600290447144188
420.0,420.0,train,5.632186022418641E-4,9.64967519682771,0.43646516118587086
421.0,421.0,train,5.168338454574633E-4,8.087259800027647,0.4154531711597112
422.0,422.0,train,7.575473724758588E-4,30.063258956085313,0.5102229851775754
423.0,423.0,train,7.960898664487674E-4,43.02980778027706,0.5226154694970444
424.0,424.0,train,7.759000672363856E-4,34.991938276263646,0.5162031492802811
425.0,425.0,train,8.157035983501252E-4,51.00966573942934,0.5286841247648624
426.0,426.0,train,6.256346994893178E-4,12.133764930868699,0.46246530235902017
427.0,427.0,train,8.535949885929167E-4,65.11083957774723,0.5399815552271215
428.0,428.0,train,9.089704304477061E-4,81.27608554573142,0.5555507603622116
429.0,429.0,train,7.223072350282238E-4,22.071399769922287,0.49831554351605206
430.0,430.0,train,8.708864969086017E-4,72.09391972847195,0.5449590456388061
431.0,431.0,train,8.037985954910565E-4,46.03452677164047,0.525019162694907
432.0,432.0,train,9.161919673121717E-4,82.55504371750568,0.5575038094529969
433.0,433.0,train,7.792179636924012E-4,36.07500054552275,0.5172687220851866
434.0,434.0,train,8.56833828300085E-4,66.40300530507015,0.5409221506521582
435.0,435.0,train,8.634182105785516E-4,69.04467362569673,0.5428225200509866
436.0,436.0,train,8.194148347369072E-4,52.86021653629586,0.5298150950416952
437.0,437.0,train,9.142061253819302E-4,82.09106097771566,0.5569684559050272
438.0,438.0,train,7.837058283808353E-4,38.15918600036153,0.5187025945907364
439.0,439.0,train,9.652242643338326E-4,93.80357597244192,0.5703237195192894
440.0,440.0,train,7.304888618867055E-4,23.459099275407958,0.501131385754703
441.0,441.0,train,7.013742441041563E-4,18.651401585299272,0.49096427962482075
442.0,442.0,train,7.335379403302164E-4,23.99107484122373,0.5021727083788055
443.0,443.0,train,8.231961278170345E-4,54.01693975097389,0.5309618457513985
444.0,444.0,train,7.967381757221934E-4,43.26309305929525,0.5228185582831684
445.0,445.0,train,7.52709505824252E-4,28.56166055365636,0.5086218797442131
446.0,446.0,train,4.938373450914846E-4,7.5242437143159515,0.4044439777291536
447.0,447.0,train,9.372637161778384E-4,87.84000402085006,0.5631057471317371
448.0,448.0,train,8.393575401437264E-4,60.56487936584783,0.5358007137432977
449.0,449.0,train,6.867453561047439E-4,16.60306580772882,0.48569768518586387
450.0,450.0,train,7.842297271479761E-4,38.63403731742663,0.5188694251772006
451.0,451.0,train,8.141135570922135E-4,50.32241657484398,0.5281979055144113
452.0,452.0,train,9.253310568319305E-4,84.58029945097687,0.5599509862311147
453.0,453.0,train,3.8849354319558314E-4,5.813150288106496,0.34821108824130415
454.0,454.0,train,3.1860806408057403E-4,4.009455903179002,0.30465529901194105
455.0,455.0,train,7.87907217299371E-4,39.750194810111665,0.5200372396153128
456.0,456.0,train,7.117076316661084E-4,20.191505721290465,0.49461989873206297
457.0,457.0,train,9.135939771555991E-4,81.95400031226751,0.5568031685176722
458.0,458.0,train,8.143823839734355E-4,50.56841240410497,0.5282801806307411
459.0,459.0,train,7.341322812082915E-4,24.32106925601048,0.5023751818639197
460.0,460.0,train,8.079865437856885E-4,47.812728899205425,0.5263149059050225
461.0,461.0,train,8.104913041299955E-4,49.022084824512014,0.5270865009528004
462.0,462.0,train,8.115271065207825E-4,49.21521179584047,0.5274048471792263
463.0,463.0,train,9.336356972560234E-4,87.09130232962441,0.5621513663237377
464.0,464.0,train,6.354268236644122E-4,12.78697268991757,0.4663281672626177
465.0,465.0,train,6.833300004127857E-4,16.299295980972822,0.48445238220775994
466.0,466.0,train,7.80949826182724E-4,36.82448232013193,0.5178230632145292
467.0,467.0,train,6.998788035040992E-4,18.501993936821197,0.4904308558457104
468.0,468.0,train,8.069187361436184E-4,47.269711250699714,0.5259852001953547
469.0,469.0,train,3.771742167048403E-4,5.535167844514092,0.3415304947683685
470.0,470.0,train,8.671869092606001E-4,70.22505306032804,0.5439031702108531
471.0,471.0,train,8.324971953190175E-4,58.3087213504641,0.533758915728995
472.0,472.0,train,7.116778125843366E-4,20.182016347480985,0.4946094252434308
473.0,473.0,train,7.87741793457174E-4,39.680288740746505,0.5199848298237821
474.0,474.0,train,7.480613562414192E-4,27.200439156978653,0.5070736701644879
475.0,475.0,train,8.44944030935961E-4,62.392378725293646,0.53745021958548
476.0,476.0,train,9.02814528306156E-4,79.82608720685262,0.5538722464713999
477.0,477.0,train,9.472154482611605E-4,90.03594755050797,0.5657024021689745
478.0,478.0,train,8.581128994380428E-4,67.02940989380926,0.541292548671707
479.0,479.0,train,0.0010127905023794878,98.47430504756191,0.5820698734163203
480.0,480.0,train,7.026871221421991E-4,18.782558413248022,0.4914316635625134
481.0,481.0,train,8.720642865009547E-4,72.29828838829603,0.5452941657934224
482.0,482.0,train,9.276273053449459E-4,85.04361163118391,0.5605616044578656
483.0,483.0,train,8.039454548328918E-4,46.10948416115813,0.5250647206183892
484.0,484.0,train,9.796160832343294E-4,96.26717977745379,0.5739467564797468
485.0,485.0,train,8.372374412613173E-4,60.06973362023063,0.5351716349707688
486.0,486.0,train,7.248151752635024E-4,22.565407389999788,0.4991820653790025
487.0,487.0,train,8.705263182749987E-4,71.96884371200056,0.5448564642359421
488.0,488.0,train,7.308451254540077E-4,23.51466033600429,0.501253281758539
489.0,489.0,train,6.455235839012537E-4,13.461980846447709,0.4702534979155755
490.0,490.0,train,7.893768714560444E-4,40.44685662086457,0.520502355306606
491.0,491.0,train,7.899502322948182E-4,40.64896665344629,0.5206835680128146
492.0,492.0,train,8.845467076352325E-4,76.25105059168997,0.5488157261355168
493.0,493.0,train,9.159493831086529E-4,82.48989640859833,0.5574384817293946
494.0,494.0,train,7.767953778342157E-4,35.213009727744335,0.5164911496289809
495.0,495.0,train,8.81422070796619E-4,75.32955133406767,0.5479393267725146
496.0,496.0,train,8.362821520459334E-4,59.79055237463656,0.534887622626189
497.0,497.0,train,9.393206665302047E-4,88.06230491954842,0.5636449993272378
498.0,498.0,train,7.700721640741466E-4,33.186531271658886,0.5143200319577974
499.0,499.0,train,5.66097244640102E-4,9.76154842481535,0.4377194955971199
500.0,500.0,train,7.633140037225386E-4,31.82160084463906,0.5121178895497228
501.0,501.0,train,7.134726338327737E-4,20.553306247912875,0.49523905596142465
502.0,502.0,train,7.799535715141881E-4,36.303741895430235,0.5175043338746822
503.0,503.0,train,8.292188129485309E-4,56.81398439728628,0.53277683693319
504.0,504.0,train,7.618838357127634E-4,31.350839590797033,0.5116493075684149
505.0,505.0,train,6.343436148507481E-4,12.537583435912563,0.4659035888104972
506.0,506.0,train,9.528922831931796E-4,90.86330427543602,0.5671698511827301
507.0,507.0,train,7.600835438921297E-4,30.754712368276163,0.5110581765791257
508.0,508.0,train,8.31616352434802E-4,58.115507457148375,0.5334954545121299
509.0,509.0,train,7.914335897626531E-4,41.05766527451872,0.521151753411202
510.0,510.0,train,9.63091260230248E-4,93.30417620164987,0.5697815014648
511.0,511.0,train,8.143713996846462E-4,50.557369408085236,0.5282768194249169
512.0,512.0,train,8.603961972488056E-4,68.05085312252216,0.5419522705900293
513.0,513.0,train,8.414260034476642E-4,61.06928394719345,0.5364128322615277
514.0,514.0,train,7.985206268204464E-4,44.443915042826724,0.5233760377355391
515.0,515.0,train,9.591061646286934E-4,92.64556666329115,0.5687647990564355
516.0,516.0,train,7.639819396969207E-4,31.98176727792637,0.5123364249862987
517.0,517.0,train,8.430844997729713E-4,61.50775432613482,0.5369024647339307
518.0,518.0,train,8.697133669537023E-4,71.24770553572007,0.5446247599022201
519.0,519.0,train,8.900231236179909E-4,77.23634771996937,0.5503435841645717
520.0,520.0,train,7.1399546943297E-5,1.2962455660946137,0.08940701202061753
521.0,521.0,train,3.5032897018804065E-4,4.913631728799818,0.32512542996146254
522.0,522.0,train,9.450706498098909E-4,89.21133383504925,0.5651453834079333
523.0,523.0,train,8.485435358607667E-4,63.58487583063788,0.538506838411967
524.0,524.0,train,7.502002579066309E-4,27.88790322729114,0.5077873073426562
525.0,525.0,train,7.44610014446856E-4,26.51222880825107,0.5059177680801547
526.0,526.0,train,9.730790404013203E-4,95.44845021927112,0.5723087053998956
527.0,527.0,train,8.248537503013738E-4,54.829556873221925,0.5314627903649686
528.0,528.0,train,8.333060519440307E-4,58.558581803301834,0.5340005838041086
529.0,529.0,train,6.915370837196731E-4,17.48551860495669,0.487434732305098
530.0,530.0,train,9.286954445452799E-4,85.50769085377789,0.560845066846936
531.0,531.0,train,9.568529553351525E-4,91.92610953773884,0.5681878168065759
532.0,532.0,train,8.226792638601812E-4,53.75880228404692,0.5308054268527321
533.0,533.0,train,8.127366071645908E-4,49.62435478652154,0.5277760362772842
534.0,534.0,train,9.409718370882244E-4,88.30972769517682,0.5640769096565558
535.0,535.0,train,7.459933128082849E-4,26.835573457191877,0.5063817041832833
536.0,536.0,train,8.09354625200478E-4,48.29293138991368,0.5267366571293366
537.0,537.0,train,9.658209454646707E-4,94.0307250440322,0.5704751536603117
538.0,538.0,train,9.187470112862264E-4,83.32251080038435,0.558190711136911
539.0,539.0,train,8.503141825174045E-4,64.36321627918434,0.5390248345548421
540.0,540.0,train,9.572358418900716E-4,92.14132551713551,0.5682859719341459
541.0,541.0,train,9.325011585544708E-4,86.81146995623702,0.5618520599870731
542.0,542.0,train,7.803543241125686E-4,36.56228754920532,0.5176325963270446
543.0,543.0,train,8.732676706422521E-4,72.55996705639507,0.545636059015804
544.0,544.0,train,8.561805907943532E-4,66.15412474111598,0.5407327529314924
545.0,545.0,train,8.102817401331537E-4,48.876683033772906,0.527022040832751
546.0,546.0,train,8.241440769183748E-4,54.45293640608892,0.5312484533684741
547.0,547.0,train,6.628858062287483E-4,14.803657406656582,0.4768700963900406
548.0,548.0,train,9.08786124261439E-4,81.21512568206465,0.5555006895086291
549.0,549.0,train,8.495265837234843E-4,64.02954944297977,0.5387945690901224
550.0,550.0,train,3.9383507341116645E-4,5.926823777295484,0.3513167714233361
551.0,551.0,train,8.49195070020777E-4,63.89460068641585,0.5386975776393924
552.0,552.0,train,8.84318280634257E-4,76.14849817422898,0.548751771986499
553.0,553.0,train,7.248299016659761E-4,22.568352950326677,0.4991871446785993
554.0,554.0,train,7.939114310908993E-4,42.28131839246845,0.5219317866076183
555.0,555.0,train,3.574691828234617E-4,5.098606059926474,0.32956806589314064
556.0,556.0,train,8.137587295009944E-4,50.078386524130835,0.5280892657220426
557.0,557.0,train,8.338759996890708E-4,58.86651167759523,0.5341707209008825
558.0,558.0,train,9.169816532891462E-4,82.85897971816205,0.5577163377110217
559.0,559.0,train,8.93197777556427E-4,78.02958531575344,0.5512245480425773
560.0,560.0,train,6.411941688228821E-4,13.183956236639132,0.4685774395658879
561.0,561.0,train,8.183354899173951E-4,52.52754067423329,0.5294867332699444
562.0,562.0,train,8.987186099953966E-4,78.83563147197492,0.5527483811452982
563.0,563.0,train,7.526483870986808E-4,28.551075024869395,0.5086015853693169
564.0,564.0,train,7.362648212945374E-4,24.8809585954298,0.5031003183825006
565.0,565.0,train,7.405280816044423E-4,25.671005680850744,0.5045436555217561
566.0,566.0,train,8.129892781123746E-4,49.75323915405341,0.5278535059861846
567.0,567.0,train,1.9931415870098113E-5,0.5290278088765121,0.02667759616856704
568.0,568.0,train,9.579963752251481E-4,92.41003407323639,0.5684808066559754
569.0,569.0,train,8.129547475942057E-4,49.73564659457658,0.5278429203200155
570.0,570.0,train,8.214449162651854E-4,53.26522334075442,0.5304314529662089
571.0,571.0,train,7.747100136355592E-4,34.7265366264904,0.5158198055156098
572.0,572.0,train,7.853773449584725E-4,38.96383144965905,0.519234469317774
573.0,573.0,train,6.573829009233729E-4,14.195535365752946,0.4747909473976994
574.0,574.0,train,8.051330208610939E-4,46.63678491290048,0.5254328002099322
575.0,575.0,train,7.077583712334855E-4,19.599250050980334,0.4932289936456204
576.0,576.0,train,8.286057192679506E-4,56.56524342103816,0.5325927179777039
577.0,577.0,train,8.001911388368835E-4,44.998054511848686,0.5238973259672643
578.0,578.0,train,7.955359008623105E-4,42.89986799083557,0.5224417977152649
579.0,579.0,train,7.058403231764102E-4,19.39506610177879,0.49255070316433225
580.0,580.0,train,8.047572509820391E-4,46.462193595211026,0.5253163941098948
581.0,581.0,train,7.673040491208918E-4,32.63195199417569,0.5134204515526084
582.0,582.0,train,7.994359705576918E-4,44.75167119329662,0.5236618147588186
583.0,583.0,train,7.996549614683764E-4,44.82311907330262,0.5237301345317701
584.0,584.0,train,9.223227163606566E-4,83.85672275092243,0.5591484359568192
585.0,585.0,train,0.001009074752737279,98.3217782197167,0.5811754687476112
586.0,586.0,train,8.144488497809754E-4,50.8072284735042,0.5283005182274755
587.0,587.0,train,8.941820075317493E-4,78.29803209259511,0.5514969704865521
588.0,588.0,train,7.641702708709232E-4,32.026927792666875,0.5123980078423384
589.0,589.0,train,7.44714948375073E-4,26.539168992088253,0.5059529918037236
590.0,590.0,train,8.43797609098156E-4,61.827758249032286,0.5371126758589991
591.0,591.0,train,7.155016710067801E-4,20.878587646678138,0.49594896398179883
592.0,592.0,train,4.872723261199641E-4,7.305035485409745,0.4012245817887059
593.0,593.0,train,6.911076098215851E-4,17.42095890909895,0.4872795227569811
594.0,594.0,train,8.449983576513516E-4,62.503661096234374,0.5374662029138731
595.0,595.0,train,9.033222540685131E-4,79.95839688331786,0.5540111663037283
596.0,596.0,train,8.051022795497312E-4,46.62095146276991,0.5254232793020719
597.0,597.0,train,8.299255660845E-4,57.560360779738296,0.5329889029762829
598.0,598.0,train,7.401883129123794E-4,25.49396979191361,0.5044289335723289
599.0,599.0,train,9.362193638841752E-4,87.55908801470002,0.5628314482147171
600.0,600.0,train,8.244629341218084E-4,54.591993830257216,0.531344779524297
601.0,601.0,train,7.962883120840736E-4,43.07641207227245,0.5226776527566767
602.0,602.0,train,7.487263794331364E-4,27.369412125163834,0.507295774439551
603.0,603.0,train,5.327000783411543E-4,8.515405122265358,0.4228145694611792
604.0,604.0,train,8.546664759498099E-4,65.56393888612043,0.5402931535355674
605.0,605.0,train,8.101407309961888E-4,48.77880428823808,0.5269786577192562
606.0,606.0,train,8.59893484236504E-4,67.79301189229788,0.5418071827679871
607.0,607.0,train,8.170904233460345E-4,51.564414750969526,0.529107384963824
608.0,608.0,train,5.007209824317698E-4,7.720132331090475,0.40778264818153853
609.0,609.0,train,9.318389759658803E-4,86.2520497970345,0.5616771782582419
610.0,610.0,train,8.665647491528237E-4,70.04030969303994,0.5437251220074856
611.0,611.0,train,8.632653181184899E-4,68.93497396832448,0.5427785710206117
612.0,612.0,train,4.320397076892092E-4,6.540344580316337,0.37269536047238067
613.0,613.0,train,7.508916537449827E-4,28.222730516412152,0.5080175474643622
614.0,614.0,train,9.818704688502105E-4,96.8424737783841,0.5745087541732465
615.0,615.0,train,8.585325845443725E-5,1.396397236654798,0.10559488475884866
616.0,616.0,train,8.16751085096068E-4,51.30114607735185,0.5290038888983613
617.0,617.0,train,3.5379990841977627E-4,5.021303828086598,0.32729237612567796
618.0,618.0,train,9.375090551983387E-4,87.86526493896183,0.5631701354532662
619.0,619.0,train,7.134893720368519E-4,20.556459729154835,0.49524492040921186
620.0,620.0,train,6.568712735527462E-4,14.167599545133838,0.47459680047577346
621.0,621.0,train,5.814378268689266E-4,10.344665134811278,0.4443109091836162
622.0,622.0,train,5.753668197298582E-4,10.047464353647499,0.4417209329324598
623.0,623.0,train,4.040997677131513E-4,6.095772031056757,0.3572025599133399
624.0,624.0,train,8.102129186141967E-4,48.828881849107084,0.5270008680801113
625.0,625.0,train,4.624098402077629E-4,6.91157170331931,0.38871025633481004
626.0,626.0,train,6.068531018333145E-4,11.372065282254995,0.45489751322838007
627.0,627.0,train,8.820645743477476E-4,75.56644090758233,0.5481198143773242
628.0,628.0,train,6.818859973665609E-4,16.15462847119691,0.48392405578290915
629.0,629.0,train,7.992856347061663E-4,44.707714152296695,0.5236149023265639
630.0,630.0,train,8.432753901777421E-4,61.5750464065608,0.5369587543218718
631.0,631.0,train,9.238863551771211E-4,84.30295183023385,0.5595659408292343
632.0,632.0,train,5.467324098277273E-4,9.259584795846754,0.4291722991481186
633.0,633.0,train,9.434677684362334E-4,88.78080659335518,0.5647281703894037
634.0,634.0,train,8.536741393260042E-4,65.14188611595564,0.5400045874317774
635.0,635.0,train,7.364244432432082E-4,24.92394552011762,0.5031545102979686
636.0,636.0,train,7.937346087740105E-4,42.18117958561348,0.5218762065330375
637.0,637.0,train,8.59925667770669E-4,67.80952104648328,0.5418164739999695
638.0,638.0,train,9.811306603792025E-4,96.73215652512667,0.5743244902061122
639.0,639.0,train,8.483381290164411E-4,63.4916948025588,0.5384466720308163
640.0,640.0,train,8.293040533268455E-4,57.04658848311708,0.5328024240963097
641.0,641.0,train,7.84953848221469E-4,38.806193914322535,0.5190998243427489
642.0,642.0,train,7.494081516249373E-4,27.508209230395334,0.5075232648595043
643.0,643.0,train,7.504926790411508E-4,28.03548966942735,0.507884712117444
644.0,644.0,train,7.161253128153949E-4,20.956199148589747,0.496166759217057
645.0,645.0,train,8.735781012981957E-4,72.82212602525792,0.5457241720004431
646.0,646.0,train,7.986144599757527E-4,44.51082007009155,0.5234053489072976
647.0,647.0,train,7.541464532410762E-4,29.110869201443123,0.5090985333070269
648.0,648.0,train,7.920439964963315E-4,41.2504315635424,0.5213441478053669
649.0,649.0,train,8.099636194411285E-4,48.69634997901128,0.5269241559967114
650.0,650.0,train,8.812982669694877E-4,75.27993381079231,0.5479045320983139
651.0,651.0,train,7.970428622871358E-4,43.55422309816532,0.5229139444498218
652.0,652.0,train,7.896788538672717E-4,40.53866567055517,0.5205978149833004
653.0,653.0,train,9.212772557422401E-4,83.71800158149513,0.5588688472560404
654.0,654.0,train,7.479541876494995E-4,27.164486710008052,0.5070378592895779
655.0,655.0,train,2.3191425881066537E-4,2.6779782470981868,0.24180285286735417
656.0,656.0,train,8.154703280482521E-4,50.9727651328863,0.5286128556972405
657.0,657.0,train,7.112781513437384E-4,20.054831515358543,0.4944690085380751
658.0,658.0,train,4.909202798757447E-4,7.4268428550507135,0.4030177726311599
659.0,659.0,train,8.775232452274253E-4,74.04859650131249,0.5468409964606463
660.0,660.0,train,7.500466763851089E-4,27.810398373528063,0.5077361342628239
661.0,661.0,train,8.351994779246518E-4,59.359505904120404,0.5345653182384625
662.0,662.0,train,8.249823295478797E-4,54.902731145989065,0.5315016031579277
663.0,663.0,train,8.760372875702819E-4,73.5223308775625,0.5464209843385709
664.0,664.0,train,9.916861219948345E-4,97.54636788146807,0.5769385240082322
665.0,665.0,train,9.79365543585184E-4,96.1093976268328,0.5738842075627997
666.0,666.0,train,7.66014290121193E-4,32.433374448368895,0.5130001673626198
667.0,667.0,train,7.881549250500519E-4,39.9695417545106,0.5201156973032023
668.0,668.0,train,8.690058853320337E-4,70.8283769897452,0.5444229240736045
669.0,669.0,train,9.312971327498725E-4,86.06578585107707,0.5615339741441618
670.0,670.0,train,7.778011940052372E-4,35.688894136798865,0.5168142883102473
671.0,671.0,train,7.028931277057402E-4,18.812587135287394,0.49150492355036424
672.0,672.0,train,9.320674713972643E-4,86.39660076967485,0.5617375394353343
673.0,673.0,train,2.7878319703068956E-4,3.207688782293163,0.2771277291848559
674.0,674.0,train,8.448752164850442E-4,62.250562428315966,0.5374299722704328
675.0,675.0,train,8.685462837201598E-4,70.5668462661788,0.5442917094742151
676.0,676.0,train,8.758530572912911E-4,73.26917264114115,0.5463688566281547
677.0,677.0,train,7.855869951049116E-4,39.04187930767278,0.5193010968069187
678.0,678.0,train,8.701680273859173E-4,71.51451731923063,0.5447543745781106
679.0,679.0,train,8.07527500153802E-4,47.6025170240841,0.5261732237649358
680.0,680.0,train,7.867998334329977E-4,39.42739889406251,0.5196861785700161
681.0,681.0,train,8.496389223461771E-4,64.07402470710164,0.5388274269143416
682.0,682.0,train,7.188779969082366E-4,21.551297674793982,0.49712583811429845
683.0,683.0,train,5.098326939830996E-4,7.944780673198825,0.412144824943676
684.0,684.0,train,8.549041102284795E-4,65.67577464036256,0.5403622025712299
685.0,685.0,train,8.033810898934875E-4,45.9179009321778,0.5248895985739304
686.0,686.0,train,8.487897813748551E-4,63.71577326593938,0.5385789463086029
687.0,687.0,train,7.701436536046673E-4,33.2236490550427,0.5143432205250179
688.0,688.0,train,8.283810496297934E-4,56.519258258802886,0.5325252108114784
689.0,689.0,train,8.263897569164852E-4,55.82042908845724,0.5319260276297821
690.0,690.0,train,5.87811294956546E-4,10.502004109733411,0.44700418822734717
691.0,691.0,train,8.774143085562038E-4,73.99479454408467,0.5468102314809186
692.0,692.0,train,2.915898678808059E-4,3.3895746358342596,0.2862146608082762
693.0,693.0,train,1.8760333762345217E-4,2.25749196351914,0.205077184334544
694.0,694.0,train,7.731215535350362E-4,34.05056966343129,0.5153071782020485
695.0,695.0,train,7.509725464696611E-4,28.260691575843445,0.5080444712885459
696.0,696.0,train,8.169936624922612E-4,51.48693688437604,0.5290778781384352
697.0,697.0,train,6.977879129452608E-4,18.18551781071716,0.48968315796631984
698.0,698.0,train,9.602352182195389E-4,92.81940475932844,0.5690533377793524
699.0,699.0,train,9.390898689734802E-4,88.02772679127024,0.5635845595165602
700.0,700.0,train,7.137868959214373E-5,1.2960512938967566,0.08938322878586577
701.0,701.0,train,8.932592769638192E-4,78.0463522012023,0.5512415799958708
702.0,702.0,train,6.831876803927643E-4,16.28668564949352,0.4844003587504759
703.0,703.0,train,8.255204450682584E-4,55.20024807621724,0.531663968384264
704.0,704.0,train,8.473787396367228E-4,63.011406414467395,0.5381654463093527
705.0,705.0,train,7.813605591320356E-4,37.076324436922675,0.5179543454528848
706.0,706.0,train,9.626792263845717E-4,93.06668926024683,0.569676603091177
707.0,707.0,train,8.178324116069413E-4,52.08833269896331,0.5293335284063747
708.0,708.0,train,6.640298105701554E-4,15.002734756325541,0.4773002675790726
709.0,709.0,train,7.82155636848979E-4,37.55227286347817,0.5182082724730666
710.0,710.0,train,7.36918239858072E-4,25.056894048918444,0.5033220802467283
711.0,711.0,train,8.566928071552383E-4,66.30135422891247,0.540881276627563
712.0,712.0,train,9.683012629262462E-4,94.51467442593624,0.5711035011526548
713.0,713.0,train,8.079742430690799E-4,47.8079255077179,0.5263111104386029
714.0,714.0,train,7.821127187278935E-4,37.53205377312345,0.5181945723789433
715.0,715.0,train,9.018724444560828E-4,79.71541008846148,0.5536142516764733
716.0,716.0,train,9.474510014403021E-4,90.14552940612411,0.5657634899790002
717.0,717.0,train,3.5044318424771564E-4,4.917174767238484,0.3251969572048375
718.0,718.0,train,7.706223673978154E-4,33.3622940296416,0.5144984405857547
719.0,719.0,train,7.902621084577984E-4,40.775725929181604,0.5207820800665784
720.0,720.0,train,7.169118406520204E-4,21.05408162832821,0.4964411711246442
721.0,721.0,train,7.319824468300272E-4,23.69139510537692,0.501642019308861
722.0,722.0,train,3.846366036127843E-4,5.724513128695196,0.3459500257787421
723.0,723.0,train,8.504383744659255E-4,64.43135863701092,0.5390611228138578
724.0,724.0,train,9.038454329457848E-4,80.08208835875313,0.5541542238154294
725.0,725.0,train,8.916098441952524E-4,77.76827548592887,0.5507843297481572
726.0,726.0,train,7.695595877133443E-4,33.00390111521969,0.5141537062110163
727.0,727.0,train,7.001547533062473E-4,18.529579369031843,0.4905293712591829
728.0,728.0,train,7.912920062314708E-4,41.01295323189689,0.5211071055296072
729.0,729.0,train,7.298355873347438E-4,23.357217758033315,0.5009077122180688
730.0,730.0,train,7.631601861288737E-4,31.767265803572194,0.5120675357272296
731.0,731.0,train,7.255913004689902E-4,22.78499794468243,0.49944961927541137
732.0,732.0,train,9.324394257548207E-4,86.73313613265597,0.5618357623178626
733.0,733.0,train,7.80854107713E-4,36.77094779396494,0.5177924585233216
734.0,734.0,train,7.454602478400539E-4,26.762767863799308,0.5062030259545683
735.0,735.0,train,5.078581103016035E-4,7.898104575170883,0.41120496779357824
736.0,736.0,train,6.597132192480387E-4,14.372017305207343,0.4756734198375809
737.0,737.0,train,6.960138271931526E-4,17.98413221076587,0.48904702593493077
738.0,738.0,train,7.650321879105239E-4,32.280288556688674,0.5126796497704409
739.0,739.0,train,6.203538342239287E-4,11.95968390141341,0.46035876804181064
740.0,740.0,train,8.862440018210409E-4,76.59259921265244,0.5492903611205326
741.0,741.0,train,8.449037594597663E-4,62.309385232623534,0.5374383707012582
742.0,742.0,train,7.982803986791782E-4,44.272627289698704,0.5233009799346056
743.0,743.0,train,8.179230411733256E-4,52.259391849102315,0.5293611356326509
744.0,744.0,train,9.07859715962518E-4,80.82173451004972,0.5552488392263031
745.0,745.0,train,7.502918714147323E-4,27.934141033373464,0.5078178277288192
746.0,746.0,train,5.461450209576578E-4,9.226743660939613,0.4289089766840268
747.0,747.0,train,7.829038344724372E-4,37.78716930629868,0.5184469830127154
748.0,748.0,train,8.80156846039554E-4,75.01529318687972,0.5475834868423678
749.0,749.0,train,7.424562352460694E-4,26.130447966196524,0.5051936865487043
750.0,750.0,train,8.088928209752811E-4,48.14544452729164,0.5265943764254635
751.0,751.0,train,8.943741782452243E-4,78.32650292723832,0.5515501223281697
752.0,752.0,train,8.742599302633912E-4,73.08429667751552,0.5459175831846539
753.0,753.0,train,8.406460265500584E-4,60.855877985434205,0.5361822040790387
754.0,754.0,train,7.327292646686111E-4,23.807466296594356,0.5018969529343209
755.0,755.0,train,7.968642186912837E-4,43.315598778273795,0.522858022330153
756.0,756.0,train,7.920940824584029E-4,41.29552015854018,0.5213599275609582
757.0,757.0,train,7.416200854143989E-4,26.018837034282754,0.5049120081422377
758.0,758.0,train,7.923110017709921E-4,41.49080504135948,0.5214282567318409
759.0,759.0,train,7.294397103420597E-4,23.295482775890928,0.5007720709571076
760.0,760.0,train,3.3613258146822155E-4,4.521894355022477,0.3161152032476687
761.0,761.0,train,8.514628071214982E-4,64.69296232785636,0.5393602390579775
762.0,762.0,train,7.410893703431764E-4,25.884098814014777,0.504733056792336
763.0,763.0,train,7.892692862354735E-4,40.4141484349102,0.5204683373514509
764.0,764.0,train,7.119773353935742E-4,20.273616769869708,0.4947146082557941
765.0,765.0,train,8.909332608786737E-4,77.41063544437621,0.5505964999655076
766.0,766.0,train,8.44240091822604E-4,62.06023170116749,0.5372430154678328
767.0,767.0,train,7.944736854702555E-4,42.445126164850336,0.5221084326475736
768.0,768.0,train,2.4175474997365032E-4,2.808810428386986,0.24950301196643518
769.0,769.0,train,7.975950175661187E-4,43.892683756378744,0.5230867068395684
770.0,770.0,train,8.619730541690726E-4,68.56757529549324,0.5424067711637452
771.0,771.0,train,7.339243291490475E-4,24.180526340841645,0.5023043577876999
772.0,772.0,train,8.557904522271773E-4,66.03240910928216,0.5406195627700777
773.0,773.0,train,8.474305843985945E-4,63.05579536657628,0.5381806523187254
774.0,774.0,train,7.600111964315131E-4,30.72353073460594,0.511034391170467
775.0,775.0,train,8.349999908523435E-4,59.29529380709793,0.5345058836147454
776.0,776.0,train,7.879642778240712E-4,39.80072230351623,0.5200553149485712
777.0,777.0,train,8.294918973572697E-4,57.31153160846234,0.5328588005785595
778.0,778.0,train,9.414911896948822E-4,88.42345399777106,0.5642125843027135
779.0,779.0,train,5.850118101637152E-4,10.432894472474896,0.44582441328492234
780.0,780.0,train,8.140902842628593E-4,50.306406150417295,0.528190781458896
781.0,781.0,train,8.819577190246685E-4,75.54422594501065,0.5480898073191438
782.0,782.0,train,6.14613600694069E-4,11.77749808814534,0.4580501845688499
783.0,783.0,train,6.900773786391792E-4,17.226429293030648,0.48690681930133145
784.0,784.0,train,0.0010334083087397414,99.29288932952231,0.5869641187961048
785.0,785.0,train,8.333433067374439E-4,58.58108234106311,0.5340117086591277
786.0,786.0,train,8.534430525380008E-4,65.05124330680724,0.5399373366357533
787.0,787.0,train,8.244086967787586E-4,54.56594960719452,0.5313283973203333
788.0,788.0,train,6.92885610036417E-4,17.61157453350051,0.4879214722508598
789.0,789.0,train,5.369373086892408E-4,8.81027624741089,0.4247492375149133
790.0,790.0,train,7.625268796332422E-4,31.543552760775825,0.5118601065797959
791.0,791.0,train,3.965711003935136E-4,5.985049364542237,0.35289612319016966
792.0,792.0,train,8.13567037643363E-4,49.99738322191327,0.5280305534035636
793.0,793.0,train,7.772515371100474E-4,35.523401115497954,0.5166377535169971
794.0,794.0,train,7.94729320975661E-4,42.51988869151466,0.5221887036666798
795.0,795.0,train,5.882463377295602E-4,10.51274324059134,0.4471870756382977
796.0,796.0,train,8.022649392264947E-4,45.543512674953114,0.5245428772576923
797.0,797.0,train,7.816179627245621E-4,37.28532361214774,0.5180365827209356
798.0,798.0,train,7.106567672001496E-4,19.921881113892223,0.4942505368292623
799.0,799.0,train,8.261786031565006E-4,55.69054765252817,0.5318624010383048
800.0,800.0,train,8.197393185784002E-4,53.01903813546343,0.5299137209816904
801.0,801.0,train,5.418557238935757E-4,9.003103903216761,0.4269787246034324
802.0,802.0,train,9.36942002736026E-4,87.75346765209108,0.5630212858545338
803.0,803.0,train,9.797837432479616E-4,96.30796650649032,0.5739886036806027
804.0,804.0,train,8.358221764104321E-4,59.5505740703174,0.5347507457030788
805.0,805.0,train,8.665547500789947E-4,70.03717507300108,0.5437222593628523
806.0,806.0,train,8.073777652505871E-4,47.51499351293593,0.5261269903000392
807.0,807.0,train,8.606132636623328E-4,68.12374773633077,0.5420148896505279
808.0,808.0,train,8.484215394193986E-4,63.52011373860232,0.5384711059326426
809.0,809.0,train,7.221262337587286E-4,22.032581659280197,0.49825288949192814
810.0,810.0,train,7.980251651155682E-4,44.0330379892876,0.523221207876722
811.0,811.0,train,8.664757482708976E-4,69.96139787558312,0.5436996405947767
812.0,812.0,train,8.173316052183875E-4,51.79096274503707,0.5291809162940921
813.0,813.0,train,8.371232577932369E-4,60.03750436750614,0.5351377058976216
814.0,814.0,train,4.981608437877386E-4,7.647278112755157,0.4065453225956732
815.0,815.0,train,7.834357719574312E-4,38.02205514394936,0.5186165524894025
816.0,816.0,train,4.6326597465449625E-4,6.924019643368627,0.38914987444122384
817.0,817.0,train,8.49541884516468E-4,64.03561111142879,0.5387990446809328
818.0,818.0,train,8.292443586515339E-4,56.88338858644032,0.5327845054484184
819.0,819.0,train,9.036567154270918E-4,80.03999587469498,0.5541026316677856
820.0,820.0,train,5.428290153426955E-4,9.041262286196455,0.42741786488074535
821.0,821.0,train,0.0010323095086992834,99.26578706644032,0.5867061796944619
822.0,822.0,train,7.966385476896481E-4,43.22175017697557,0.5227873601318281
823.0,823.0,train,8.004172415944444E-4,45.07179907540689,0.5239677944042206
824.0,824.0,train,7.685151190314289E-4,32.816991426904146,0.5138144340688573
825.0,825.0,train,7.07228299607575E-4,19.55782044887805,0.4930417227191484
826.0,826.0,train,6.6603209559182E-4,15.1095760597839,0.47805147120829306
827.0,827.0,train,7.612499942349638E-4,31.123370265762038,0.5114413469998108
828.0,828.0,train,8.915488052974403E-4,77.58351459367924,0.5507673908687046
829.0,829.0,train,7.780286734449057E-4,35.75721656065008,0.5168873107772253
830.0,830.0,train,6.95024332029557E-4,17.780788907318335,0.4886915342770336
831.0,831.0,train,0.0010479876146734072,99.78638288560028,0.5903563285901913
832.0,832.0,train,8.405041142263488E-4,60.81704996298158,0.5361402179281641
833.0,833.0,train,7.802931208193184E-4,36.53673697251554,0.5176130123833736
834.0,834.0,train,8.520146581915979E-4,64.79519497360917,0.5395212089921617
835.0,835.0,train,8.293101001734699E-4,57.06298310962737,0.5328042391114437
836.0,836.0,train,8.059332853557732E-4,47.00061670937553,0.5256805162079649
837.0,837.0,train,7.737308712168244E-4,34.320219077094514,0.5155039452804488
838.0,838.0,train,9.059645946632594E-4,80.56675456569165,0.5547327477554884
839.0,839.0,train,9.163671003689742E-4,82.63516128132193,0.5575509606523403
840.0,840.0,train,7.923957674917482E-4,41.56711665993954,0.5214549524716683
841.0,841.0,train,7.067901573338121E-4,19.506451831771773,0.49288682533169526
842.0,842.0,train,8.925786109956329E-4,77.92769545526554,0.5510530009023119
843.0,843.0,train,7.188917973377052E-4,21.556949882111763,0.4971306372046238
844.0,844.0,train,7.553553973584444E-4,29.62131778913274,0.5094988396009371
845.0,845.0,train,6.34324475604839E-4,12.533176970419214,0.46589608084842066
846.0,846.0,train,8.915708819100843E-4,77.76092615665526,0.550773517487868
847.0,847.0,train,8.144502379237075E-4,50.811398923720354,0.5283009429608166
848.0,848.0,train,8.23674978938784E-4,54.252593821272775,0.5311066677583279
849.0,849.0,train,8.134326221029326E-4,49.940583195147624,0.5279893752408484
850.0,850.0,train,7.537771676887498E-4,28.95238345989444,0.5089761249470708
851.0,851.0,train,7.580096382294504E-4,30.14821920822697,0.5103754273569879
852.0,852.0,train,9.469120203697611E-4,89.94581114433171,0.5656236865554605
853.0,853.0,train,7.143551118452514E-4,20.71959151754787,0.4955480579391089
854.0,854.0,train,8.718167343020451E-4,72.25532347911995,0.5452237699696582
855.0,855.0,train,3.093835258633806E-4,3.78800276759454,0.29846738207130435
856.0,856.0,train,8.046471505880152E-4,46.420000588941036,0.5252822763604299
857.0,857.0,train,7.791984092717697E-4,36.06893570246605,0.5172624557547514
858.0,858.0,train,8.192372136689876E-4,52.77321802772066,0.5297610900946795
859.0,859.0,train,8.636172190693326E-4,69.12182295413615,0.5428797125080771
860.0,860.0,train,9.020793210757817E-4,79.73971419698536,0.5536709315310877
861.0,861.0,train,2.6483825429435824E-4,3.081642543621439,0.2669663173128458
862.0,862.0,train,6.690319322174411E-4,15.269612157917662,0.47917289736120994
863.0,863.0,train,8.506363824133385E-4,64.53986380361975,0.5391189679196181
864.0,864.0,train,8.022961317911627E-4,45.55282549714722,0.5245525737970822
865.0,865.0,train,9.64917617123458E-4,93.68856513465886,0.5702458527245862
866.0,866.0,train,8.179349275428561E-4,52.28182682646387,0.5293647561721089
867.0,867.0,train,7.496619767611547E-4,27.626373398830605,0.5076079063380353
868.0,868.0,train,6.540166211136648E-4,14.011729499337418,0.47351090717394384
869.0,869.0,train,7.162735544832616E-4,20.97464765273121,0.4962185021623939
870.0,870.0,train,8.22246492912988E-4,53.494049738872214,0.5306743768099484
871.0,871.0,train,8.257553011681496E-4,55.32523696229652,0.5317347960822457
872.0,872.0,train,9.668418991475952E-4,94.18791746106412,0.570734018238484
873.0,873.0,train,9.359683630322545E-4,87.50869081452366,0.5627654715461188
874.0,874.0,train,7.499672473217824E-4,27.772402673873735,0.5077096644706037
875.0,875.0,train,3.2191704798859754E-4,4.091879175917957,0.3068484816877227
876.0,876.0,train,7.587516237115578E-4,30.28684368696562,0.5106199148958663
877.0,877.0,train,9.003888364541892E-4,79.51557080247187,0.5532073520145717
878.0,878.0,train,8.259870847162844E-4,55.572743972290674,0.5318046761615309
879.0,879.0,train,8.023960154635161E-4,45.59040576046678,0.5245836210346827
880.0,880.0,train,3.733737395703455E-4,5.44792460605126,0.3392566625972955
881.0,881.0,train,3.495498465256215E-4,4.889462505743745,0.3246370942501898
882.0,882.0,train,7.949009603460151E-4,42.72251738874327,0.5222425842868562
883.0,883.0,train,6.885441198057131E-4,16.76728335068097,0.4863511327628844
884.0,884.0,train,9.310796946701189E-4,86.02489384099303,0.5614764809727089
885.0,885.0,train,8.326865609763869E-4,58.367213900245325,0.5338155163762595
886.0,886.0,train,8.894019754288157E-4,77.1499235581258,0.5501708113238852
887.0,887.0,train,8.657429152951277E-4,69.62334707118416,0.5434897184762365
888.0,888.0,train,9.200650619607243E-4,83.56487502699298,0.5585442246149824
889.0,889.0,train,8.291905522281058E-4,56.802516011468164,0.5327683531088387
890.0,890.0,train,6.104108600662118E-4,11.60189671444549,0.4563473793591735
891.0,891.0,train,8.959919176634385E-4,78.56617728051988,0.5519970684330696
892.0,892.0,train,0.0010855039087171489,100.0,0.5988344883057835
893.0,893.0,train,5.997746678076941E-4,10.917780370180722,0.4519897714274299
894.0,894.0,train,9.491589444864455E-4,90.5079008142253,0.5662059104092235
895.0,895.0,train,7.245462518777013E-4,22.51161760273846,0.49908929259663015
896.0,896.0,train,6.988164787190649E-4,18.29229162987051,0.4900512448394046
897.0,897.0,train,7.201654894771379E-4,21.689984983063994,0.49757316880982455
898.0,898.0,train,8.631136284004918E-4,68.82631959501111,0.5427349593680721
899.0,899.0,train,7.178021633034087E-4,21.204144157709937,0.49675143556639034
900.0,900.0,train,6.773603719207348E-4,15.70909282550797,0.48226119933014183
901.0,901.0,train,7.28483872459479E-4,23.1598307447715,0.5004442634566201
902.0,902.0,train,8.465075063361372E-4,62.757854706267096,0.537909764692265
903.0,903.0,train,6.713472449698671E-5,1.256521613420729,0.0845179345269702
904.0,904.0,train,6.690265319619995E-4,15.26932406362532,0.47917088291832743
905.0,905.0,train,8.350356921160766E-4,59.30922436930452,0.5345165214651757
906.0,906.0,train,1.3314027139477283E-4,1.7614385990204269,0.15475475361963156
907.0,907.0,train,8.069729201770128E-4,47.284507146946595,0.5260019415893697
908.0,908.0,train,7.913364718864065E-4,41.02699547425438,0.521121128518371
909.0,909.0,train,7.717067535808036E-4,33.60568908828416,0.5148496796005105
910.0,910.0,train,7.402336002106066E-4,25.50015092687892,0.5044442277706354
911.0,911.0,train,7.790025360045841E-4,36.016725030827594,0.5171996780231998
912.0,912.0,train,9.527194875776103E-4,90.80131814048956,0.5671253302536087
913.0,913.0,train,4.911241253031603E-5,1.1163965311887076,0.06326449875246344
914.0,914.0,train,7.419585764259838E-4,26.064019483428197,0.505026076102857
915.0,915.0,train,7.650873755803444E-4,32.288890974596356,0.512697671933489
916.0,916.0,train,7.839050751739326E-4,38.28659469957624,0.518766056471141
917.0,917.0,train,4.7441359472219014E-4,7.089724717081043,0.39481690348767734
918.0,918.0,train,7.575986214147858E-4,30.071439606053794,0.5102398903074168
919.0,919.0,train,7.7705353393713E-4,35.29065008275961,0.5165741286938728
920.0,920.0,train,9.570186683599549E-4,92.0111372737264,0.5682303037528446
921.0,921.0,train,6.393137262168389E-4,13.004345007773264,0.4678461504636061
922.0,922.0,train,8.689431423811638E-4,70.79468810587727,0.544405015641672
923.0,923.0,train,7.982410081545531E-4,44.235727373184325,0.52328867035217
924.0,924.0,train,7.921322417477598E-4,41.3298736343169,0.5213719490787839
925.0,925.0,train,9.566462525814133E-4,91.82004987710684,0.5681348088359421
926.0,926.0,train,3.9318916206425634E-4,5.913078091406479,0.3509427983099769
927.0,927.0,train,5.714271186941094E-4,9.925946024053093,0.44002724524209175
928.0,928.0,train,7.86820473725697E-4,39.430654141039824,0.5196927266190411
929.0,929.0,train,8.404144327728677E-4,60.79731959348168,0.5361136808718668
930.0,930.0,train,7.980794644185187E-4,44.084028247360365,0.523238181105884
931.0,931.0,train,4.756482156198513E-4,7.109060795687096,0.395438077140379
932.0,932.0,train,8.878473450118688E-4,76.92461126557366,0.5497378071340735
933.0,933.0,train,9.244534575730791E-4,84.4118119019378,0.5597171666513118
934.0,934.0,train,8.140005798170913E-4,50.24469443381215,0.5281633199806095
935.0,935.0,train,6.474709623195701E-4,13.556740098473796,0.4710039495421439
936.0,936.0,train,4.5207710947673275E-4,6.761336873759111,0.3833541417023926
937.0,937.0,train,8.586162492613501E-4,67.33501432234272,0.5414381466895877
938.0,938.0,train,8.333454075691344E-4,58.58235116685573,0.5340123359840012
939.0,939.0,train,6.354984586370386E-4,12.7910089974001,0.46635622177045194
940.0,940.0,train,6.612230891198522E-4,14.538738664360215,0.47624361371324453
941.0,941.0,train,6.366626051330234E-4,12.856103873119485,0.4668117250408489
942.0,942.0,train,8.996836642494709E-4,79.28517048721362,0.5530136887491406
943.0,943.0,train,7.008627266264296E-4,18.60030305064609,0.49078194701355093
944.0,944.0,train,9.066846437981578E-4,80.66363389917987,0.5549289771354028
945.0,945.0,train,7.909328841410204E-4,40.93023247624988,0.520993820257184
946.0,946.0,train,9.035080601719034E-4,80.00683907503743,0.5540619834510934
947.0,947.0,train,9.137725994142312E-4,82.00581116081804,0.556851411418866
948.0,948.0,train,0.0010186534438962106,98.6732898542934,0.5834733779767566
949.0,949.0,train,8.174648769132118E-4,51.860233195176136,0.5292215382085557
950.0,950.0,train,7.512604508322545E-4,28.310689788341435,0.5081402716571918
951.0,951.0,train,8.259010201366053E-4,55.480865165433435,0.5317787311131567
952.0,952.0,train,6.588313973972946E-4,14.274648189864145,0.47533983012495623
953.0,953.0,train,2.379691347245523E-5,0.6943906182081517,0.031687501152331404
954.0,954.0,train,9.330409384922462E-4,86.94460591791719,0.5619945120977045
955.0,955.0,train,7.786515036359895E-4,35.923188229413476,0.517087130661705
956.0,956.0,train,6.053103588253021E-4,11.266183228980914,0.45426640438848254
957.0,957.0,train,8.2444689611559E-4,54.58226368630092,0.5313399354186311
958.0,958.0,train,7.027666804086392E-4,18.794155347951133,0.49145995868680925
959.0,959.0,train,4.2739418348072686E-4,6.458090470960653,0.37017137153078716
960.0,960.0,train,7.646136218192022E-4,32.15429717144048,0.5125429188311734
961.0,961.0,train,7.273861549038496E-4,23.00404322187636,0.5000672664020133
962.0,962.0,train,7.588171610709384E-4,30.299107609661604,0.5106414980142254
963.0,963.0,train,3.6616532696845015E-4,5.282450256161893,0.33490043141634895
964.0,964.0,train,9.689022787254534E-4,94.76142961336531,0.5712554819760723
965.0,965.0,train,9.298114812409538E-4,85.78651072073961,0.5611408498549851
966.0,966.0,train,7.727223233337707E-4,33.85275004432704,0.5151781680261951
967.0,967.0,train,7.405040112932063E-4,25.657025841178214,0.5045355299965908
968.0,968.0,train,6.017436069630422E-4,11.100882012778802,0.45280169943650617
969.0,969.0,train,7.209606458446196E-4,21.772999180235118,0.4978490432614425
970.0,970.0,train,9.534660196049944E-4,91.06216267778449,0.5673176091681015
971.0,971.0,train,8.833711017808895E-4,75.84848096556745,0.5484863907756367
972.0,972.0,train,7.0514199714497E-4,19.313174379756664,0.4923032989739099
973.0,973.0,train,5.754177668869704E-4,10.050929472766962,0.44174276814784574
974.0,974.0,train,7.816580805203266E-4,37.317869862807875,0.5180493973337585
975.0,975.0,train,9.614672878652899E-4,92.94392330132605,0.5693677628308736
976.0,976.0,train,8.100673738665791E-4,48.74465286628953,0.5269560853914401
977.0,977.0,train,8.436791896420559E-4,61.77045278236746,0.5370777812610027
978.0,978.0,train,9.23506434778457E-4,84.17158371080957,0.5594645715934876
979.0,979.0,train,7.186857299732061E-4,21.47255138797642,0.4970589678843031
980.0,980.0,train,8.763149892135055E-4,73.59896703328805,0.546499537010482
981.0,981.0,train,8.125114668474792E-4,49.50949174622371,0.5277069861250251
982.0,982.0,train,7.772133835838286E-4,35.47847322971854,0.516625494857767
983.0,983.0,train,7.354525174027502E-4,24.61662546156708,0.5028243566135581
984.0,984.0,train,7.442671956513074E-4,26.424215316982334,0.5058026572754131
985.0,985.0,train,6.399903310256499E-4,13.0421987797981,0.46810950835616905
986.0,986.0,train,9.283033183543726E-4,85.32201823730551,0.5607410470356162
987.0,987.0,train,4.29184087814904E-5,1.0381741401403373,0.0557303131436197
988.0,988.0,train,7.541073897702529E-4,29.093278679212435,0.5090855876897507
989.0,989.0,train,7.106402060824144E-4,19.918338143157797,0.4942447115422079
990.0,990.0,train,7.533650548169096E-4,28.787718092850294,0.5088394483710434
991.0,991.0,train,9.750451175213622E-4,95.58224441283315,0.5728026875940069
992.0,992.0,train,7.099491626072501E-4,19.770501092067978,0.49400152091200905
993.0,993.0,train,9.811758634413169E-4,96.75742782527226,0.5743357535026143
994.0,994.0,train,7.83898923678995E-4,38.25724787899759,0.5187640974155177
995.0,995.0,train,7.38564727982103E-4,25.272608094245335,0.5038800003546337
996.0,996.0,train,7.770945076722621E-4,35.33849027385352,0.5165872962545047
997.0,997.0,train,4.121594101228699E-5,1.0120427276504957,0.05363820577528502
998.0,998.0,train,8.180437940195479E-4,52.34872058478825,0.5293979138635394
999.0,999.0,train,6.885239145687553E-4,16.765410468185454,0.486343801907725
1000.0,1000.0,train,6.86283308725909E-4,16.560890683126704,0.48552956601688363
1001.0,1001.0,train,0.001027253664269627,99.15210987177736,0.5855151761039806
1002.0,1002.0,train,2.997202592111631E-4,3.539767092828457,0.29186593504999175
1003.0,1003.0,train,8.252894015905791E-4,55.07744719560415,0.5315942695832157
1004.0,1004.0,train,6.61752113296432E-4,14.623027458138813,0.4764431034509686
1005.0,1005.0,train,8.658242500241059E-4,69.64651543853766,0.5435130265722855
1006.0,1006.0,train,9.835862720050381E-4,97.05239312675019,0.574935495550688
1007.0,1007.0,train,6.502254219556575E-4,13.798401439373857,0.47206179872241555
1008.0,1008.0,train,6.991749268035238E-4,18.363049077396926,0.4901793958414555
1009.0,1009.0,train,9.477708352599986E-4,90.29431951619121,0.5658464074299853
1010.0,1010.0,train,3.0236259017532265E-4,3.6082926362607877,0.29368334946513175
1011.0,1011.0,train,4.8590021938980953E-4,7.269623079333026,0.4005473168565408
1012.0,1012.0,train,7.716202978769305E-4,33.58622960745333,0.5148216947384935
1013.0,1013.0,train,7.146103484073257E-4,20.7676635798888,0.4956373591644101
1014.0,1014.0,train,8.310698399241669E-4,57.97292510936909,0.5333318422008206
1015.0,1015.0,train,6.794650714496587E-4,15.918886006502836,0.4830358627643479
1016.0,1016.0,train,6.124796454584578E-4,11.688335918987553,0.45718691484622176
1017.0,1017.0,train,7.030176913717876E-4,18.830744352207404,0.49154921081759534
1018.0,1018.0,train,8.689850033916756E-4,70.81872069039042,0.5444169639937094
1019.0,1019.0,train,2.5243195264447075E-4,2.952650088892205,0.2576829068804274
1020.0,1020.0,train,8.787558829563035E-4,74.43687597502165,0.5471888168502168
1021.0,1021.0,train,8.122714533654251E-4,49.42748572935972,0.5276333521563394
1022.0,1022.0,train,8.172143983872965E-4,51.68086752015295,0.5291451852406176
1023.0,1023.0,train,7.698046458000318E-4,33.04775473323146,0.5142332392450197
1024.0,1024.0,train,8.662838755012476E-4,69.77744071527044,0.5436446967457067
1025.0,1025.0,train,7.129709892853625E-4,20.459475680080697,0.49506323499754407
1026.0,1026.0,train,6.719501433638602E-4,15.385567101253557,0.48025919522535515
1027.0,1027.0,train,6.893797443493923E-4,17.0428497043502,0.4866541305225217
1028.0,1028.0,train,7.496423257643095E-4,27.61697314478294,0.5076013544822471
1029.0,1029.0,train,8.066502797681754E-4,47.196404550754465,0.5259022370224434
1030.0,1030.0,train,6.480631203909573E-4,13.61683068425304,0.47123172519309764
1031.0,1031.0,train,8.647633739195994E-4,69.3884478849509,0.543208824208001
1032.0,1032.0,train,8.684118503152625E-4,70.5298506808096,0.5442533149341191
1033.0,1033.0,train,5.614142223985606E-4,9.579550009473548,0.4356760666615289
1034.0,1034.0,train,3.7174769860770187E-4,5.41059765405129,0.3382789954578746
1035.0,1035.0,train,7.517990117159772E-4,28.40396646721354,0.5083193780090908
1036.0,1036.0,train,9.627511724573873E-4,93.16356859476781,0.5696949232968764
1037.0,1037.0,train,6.953200853248593E-4,17.80420410575883,0.4887978401061506
1038.0,1038.0,train,7.594217816116408E-4,30.485780482941344,0.5108405251663409
1039.0,1039.0,train,8.634753491878332E-4,69.08550916203082,0.5428389424101895
1040.0,1040.0,train,7.721217867201948E-4,33.699104896129455,0.5149839768158516
1041.0,1041.0,train,7.494197980391079E-4,27.510580240232102,0.5075271491532574
1042.0,1042.0,train,7.595551763174378E-4,30.526986833518745,0.5108844138332038
1043.0,1043.0,train,9.690089574136229E-4,94.80522799558534,0.5712824469084349
1044.0,1044.0,train,7.283394695214438E-4,23.13933715249913,0.5003947025961545
1045.0,1045.0,train,7.211022538480775E-4,21.804499198301123,0.49789814148130696
1046.0,1046.0,train,7.928853253476754E-4,41.80524666309315,0.5216090733968675
1047.0,1047.0,train,8.358527056585626E-4,59.55994163357453,0.534759832918441
1048.0,1048.0,train,8.735601191128025E-4,72.80697204963617,0.5457190688493144
1049.0,1049.0,train,6.956996093606486E-4,17.90263702971105,0.4889341918244601
1050.0,1050.0,train,7.610865436021148E-4,31.05914416797886,0.5113876908454339
1051.0,1051.0,train,9.124227727999193E-4,81.68252207203429,0.5564865852851316
1052.0,1052.0,train,3.0915295932161936E-4,3.7824675669042667,0.2983113045147746
1053.0,1053.0,train,6.993022102387707E-4,18.388174754952328,0.49022488623822313
1054.0,1054.0,train,7.702502717197361E-4,33.27892560608939,0.5143777993962023
1055.0,1055.0,train,7.748589582592728E-4,34.79083264294818,0.5158678172758634
1056.0,1056.0,train,9.561682220715167E-4,91.53311800889567,0.5680121702450559
1057.0,1057.0,train,8.533778601713932E-4,65.03954659437395,0.5399183608197105
1058.0,1058.0,train,8.03896018126077E-4,46.0842199872305,0.5250493856021138
1059.0,1059.0,train,8.350356471136726E-4,59.309206809455844,0.534516508056185
1060.0,1060.0,train,6.596064346122369E-4,14.360226345943301,0.47563304620907515
1061.0,1061.0,train,6.62461202911023E-4,14.73600586430773,0.47671025583607846
1062.0,1062.0,train,7.623626856606469E-4,31.490863183515927,0.5118062987461112
1063.0,1063.0,train,8.341905925132733E-4,58.983315248191,0.5342645779050069
1064.0,1064.0,train,6.406660384937435E-4,13.121766452839822,0.46837225695301726
1065.0,1065.0,train,7.54601485388222E-4,29.315747979750757,0.5092492804804893
1066.0,1066.0,train,7.615118755765677E-4,31.226339220988166,0.5115272905708472
1067.0,1067.0,train,8.026056641819354E-4,45.669284058162205,0.5246487737910258
1068.0,1068.0,train,9.308227190873286E-4,85.97659074007507,0.5614085141809849
1069.0,1069.0,train,7.873465652817871E-4,39.513625733191816,0.5198595667791229
1070.0,1070.0,train,6.606588095224291E-4,14.476427610323768,0.47603066188347487
1071.0,1071.0,train,6.625390204329394E-4,14.748404437657587,0.47673955730194945
1072.0,1072.0,train,6.322657390315726E-4,12.414305202867062,0.46508724326490664
1073.0,1073.0,train,7.81851824721598E-4,37.409144397016895,0.5181112744163963
1074.0,1074.0,train,5.436708121981614E-4,9.088348345792301,0.4277971335301788
1075.0,1075.0,train,8.380985697682393E-4,60.31314852953096,0.5354273557652317
1076.0,1076.0,train,4.4896857442594345E-4,6.727052851470742,0.3817243746406886
1077.0,1077.0,train,7.483161761663279E-4,27.285901787437787,0.5071587985174962
1078.0,1078.0,train,6.421686515250112E-4,13.298706072461702,0.46895561800410573
1079.0,1079.0,train,9.131434640146061E-4,81.8233252872355,0.5566814457434864
1080.0,1080.0,train,1.470040055581124E-4,1.8790082500216845,0.16815938585127044
1081.0,1081.0,train,7.255935270255122E-4,22.785631503377537,0.49945038642573764
1082.0,1082.0,train,7.328636504581823E-4,23.83797838000867,0.5019427991604875
1083.0,1083.0,train,7.970438609627911E-4,43.55523728573363,0.5229142570357678
1084.0,1084.0,train,7.358238304256982E-4,24.76217692235526,0.502950539789931
1085.0,1085.0,train,5.986488360738521E-4,10.751779286187752,0.4515244304886467
1086.0,1086.0,train,8.695492812198988E-4,71.07981370301769,0.5445779641858063
1087.0,1087.0,train,7.212400344413721E-4,21.835188605844102,0.4979459034498031
1088.0,1088.0,train,5.993264282855527E-4,10.851680444766437,0.45180459486169977
1089.0,1089.0,train,3.269066246884533E-4,4.216164229159513,0.31012951973793423
1090.0,1090.0,train,7.624499699991288E-4,31.5163865582523,0.5118349040814775
1091.0,1091.0,train,8.648101671795286E-4,69.39838454455324,0.5432222505520414
1092.0,1092.0,train,9.787218205323587E-4,95.94072673446259,0.5737234135050814
1093.0,1093.0,train,8.540955871034005E-4,65.30719721306602,0.540127186403533
1094.0,1094.0,train,0.001010016138580216,98.34626921769713,0.5814024282141551
1095.0,1095.0,train,2.562339131241023E-4,3.003868813637311,0.2605527363350264
1096.0,1096.0,train,9.413308648334654E-4,88.38834305458326,0.5641707103657662
1097.0,1097.0,train,8.69513212228062E-4,71.0629768542585,0.544567676357257
1098.0,1098.0,train,8.915693181189716E-4,77.74825134393981,0.5507730835158929
1099.0,1099.0,train,6.782791703286123E-4,15.809887908179428,0.4825996609896769
1100.0,1100.0,train,7.558017675877853E-4,29.78461547835536,0.5096464769994394
1101.0,1101.0,train,8.166022092297671E-4,51.25273327766353,0.528958468321388
1102.0,1102.0,train,7.988950117649427E-4,44.59349902351246,0.5234929648921002
1103.0,1103.0,train,3.31179150077598E-4,4.347865631075156,0.31291445337133145
1104.0,1104.0,train,6.495185564651115E-4,13.75862662473905,0.4717907310607941
1105.0,1105.0,train,6.891416983187594E-4,16.96434856749018,0.4865678513645707
1106.0,1106.0,train,7.829580982366357E-4,37.81111138681868,0.5184642865283898
1107.0,1107.0,train,7.735033251831899E-4,34.22260571088017,0.5154304824886626
1108.0,1108.0,train,5.509858094554015E-4,9.346306003567552,0.43107184804109383
1109.0,1109.0,train,6.756473440589617E-4,15.53247397808112,0.48162898013565675
1110.0,1110.0,train,8.653724017798303E-4,69.51780552282348,0.5433835102802954
1111.0,1111.0,train,7.691156835128182E-4,32.92446360100898,0.5140095717966773
1112.0,1112.0,train,7.35194054700313E-4,24.528475269865343,0.50273648549724
1113.0,1113.0,train,6.804991716234766E-4,16.013933470390942,0.48341562879348154
1114.0,1114.0,train,7.971585478220838E-4,43.66583119807966,0.5229501513519348
1115.0,1115.0,train,3.441857657957356E-4,4.731502577546557,0.3212557413334816
1116.0,1116.0,train,7.609493489943897E-4,31.01751063573276,0.5113426446922564
1117.0,1117.0,train,8.343937503795754E-4,59.05874469970139,0.5343251688187619
1118.0,1118.0,train,8.235907574817924E-4,54.21114643137407,0.5310812026063124
1119.0,1119.0,train,7.0898520272932E-4,19.695137357967695,0.49366189516667713
1120.0,1120.0,train,7.88581498439286E-4,40.183559657721176,0.5202507478768761
1121.0,1121.0,train,7.939666517996961E-4,42.297406450880224,0.5219491413340152
1122.0,1122.0,train,8.422707776263719E-4,61.258002891060464,0.5366623614998687
1123.0,1123.0,train,9.422617346372385E-4,88.59220237188869,0.5644137244065467
1124.0,1124.0,train,6.76180005505324E-4,15.579599013745684,0.48182573235659576
1125.0,1125.0,train,7.937393678878856E-4,42.18387798664842,0.5218777026215012
1126.0,1126.0,train,8.795452778687617E-4,74.575604816289,0.5474112845743003
1127.0,1127.0,train,5.629858672051766E-4,9.640630212141055,0.4363635050804639
1128.0,1128.0,train,7.74936544675544E-4,34.82432493943456,0.5158928232046406
1129.0,1129.0,train,8.246893438496399E-4,54.729620128022766,0.5314131534410128
1130.0,1130.0,train,6.442098705211814E-4,13.39805567602298,0.4697460348145533
1131.0,1131.0,train,3.3983795888247646E-4,4.618337891143871,0.31849007088872133
1132.0,1132.0,train,9.164274262186394E-4,82.66276048381653,0.5575671998976955
1133.0,1133.0,train,9.832249098122644E-4,97.00819225242398,0.5748456914928471
1134.0,1134.0,train,1.5473010734028264E-4,1.9445284828412048,0.17544676006741614
1135.0,1135.0,train,4.283916783065187E-7,0.002445062233594214,5.887583498057942E-4
1136.0,1136.0,train,7.233808751518813E-4,22.278520999931512,0.49868686517833866
1137.0,1137.0,train,6.9180919907202E-4,17.526409557456258,0.48753302470205234
