Raw value,Corresponding cumulative value,Corresponding logistic value,Fractional area,Training omission,Test omission
1.20434E-8,0.000001204,0.000016561,1,0,0
1.43904E-8,0.000002643,0.000019789,0.999609984,0,0
2.24174E-8,0.000010578,0.000030827,0.998049922,0,0
2.88551E-8,0.000026794,0.000039679,0.995709828,0,0
3.73069E-8,0.000051238,0.0000513,0.992979719,0,0
4.97959E-8,0.000101748,0.000068472,0.988299532,0,0
8.24978E-8,0.000250813,0.000113434,0.979329173,0,0
1.12366E-7,0.000502352,0.000154497,0.969578783,0,0
1.3506E-7,0.001002705,0.000185693,0.953978159,0,0
4.43285E-7,0.002518295,0.000609214,0.930187207,0.000879507,0
7.19321E-7,0.00503872,0.000988201,0.912636505,0.000879507,0
1.12579E-6,0.010094748,0.001545744,0.891185647,0.000879507,0
1.97658E-6,0.025013765,0.00271074,0.852184087,0.000879507,0
2.67026E-6,0.050110855,0.003658591,0.809282371,0.000879507,0
5.91027E-6,0.100489412,0.008062011,0.760530421,0.000879507,0
1.01597E-5,0.200408006,0.013778655,0.713728549,0.000879507,0
1.42639E-5,0.300422847,0.019237794,0.682137285,0.000879507,0
1.68237E-5,0.400277275,0.022612023,0.657176287,0.000879507,0
1.95203E-5,0.500779455,0.026141656,0.635725429,0.000879507,0
2.09927E-5,0.601950145,0.028058288,0.616224649,0.001759015,0
2.39728E-5,0.700188691,0.031914241,0.599063963,0.002638522,0
2.62937E-5,0.752442813,0.034896094,0.590873635,0.002638522,0
3.0067E-5,0.800116152,0.039705097,0.58424337,0.002638522,0
3.49161E-5,0.901636805,0.045815216,0.572152886,0.002638522,0
4.0628E-5,1.00301834,0.052913567,0.561622465,0.002638522,0
4.70817E-5,1.102077071,0.060807686,0.552652106,0.004397537,0
6.13714E-5,1.202840122,0.077827017,0.54524181,0.005277045,0
7.23895E-5,1.305466313,0.090534365,0.539391576,0.007915567,0
8.67092E-5,1.402178056,0.106535481,0.534711388,0.008795075,0
9.94364E-5,1.504265731,0.120291802,0.530421217,0.008795075,0
1.32112E-4,1.752718473,0.153743619,0.522230889,0.008795075,0
1.62557E-4,2.01090346,0.182700487,0.515600624,0.011433597,0
1.87603E-4,2.25748929,0.205077184,0.510140406,0.011433597,0
2.18684E-4,2.503608592,0.23119786,0.505460218,0.013192612,0
2.37857E-4,2.75630126,0.246472136,0.501170047,0.014951627,0
2.56234E-4,3.003869984,0.260552736,0.497269891,0.016710642,0
2.83802E-4,3.253052987,0.280716547,0.49375975,0.019349164,0
2.98808E-4,3.516108793,0.291236397,0.49024961,0.021108179,0
3.08154E-4,3.758485595,0.297634554,0.487129485,0.022867194,0
3.18608E-4,4.009454307,0.304655299,0.48400936,0.026385224,0
3.29041E-4,4.26932925,0.311523285,0.480889236,0.029023747,0
3.35393E-4,4.502644534,0.315639288,0.478159126,0.030782762,0
3.45876E-4,4.775495981,0.322324995,0.475039002,0.034300792,0
3.538E-4,5.021306669,0.327292376,0.472308892,0.037818821,0
3.65826E-4,5.274660759,0.334693983,0.469578783,0.041336851,0
3.77174E-4,5.535162346,0.341530495,0.466848674,0.043975374,0
3.86239E-4,5.765171192,0.346891156,0.46450858,0.045734389,0
3.9732E-4,6.000986751,0.353327123,0.462168487,0.049252419,0
4.17557E-4,6.283912331,0.364759111,0.459438378,0.050131926,0
4.3204E-4,6.540349756,0.37269536,0.457098284,0.051011434,0
4.52077E-4,6.761335282,0.383354142,0.455148206,0.053649956,0
4.71185E-4,7.039159915,0.393186613,0.452808112,0.056288478,0
4.86487E-4,7.278812974,0.400837366,0.450858034,0.058927001,0
4.93837E-4,7.524233894,0.404443978,0.448907956,0.061565523,0
5.02643E-4,7.77482745,0.408708261,0.446957878,0.064204046,0
5.13447E-4,8.030217266,0.413857473,0.4450078,0.065963061,0
5.28934E-4,8.291055186,0.421083861,0.443057722,0.067722076,0
5.32552E-4,8.503697052,0.422746637,0.44149766,0.070360598,0
5.3593E-4,8.770784467,0.4242903,0.439547582,0.072119613,0
5.42829E-4,9.041261428,0.427417865,0.437597504,0.074758135,0
5.46732E-4,9.25957644,0.429172299,0.436037441,0.077396658,0
5.60298E-4,9.536169285,0.435186872,0.434087363,0.08003518,0
5.66097E-4,9.761540879,0.437719496,0.432527301,0.08355321,0
5.75367E-4,10.047469914,0.441720933,0.430577223,0.086191733,0
5.78757E-4,10.278484753,0.443170315,0.429017161,0.088830255,0
5.88246E-4,10.51273548,0.447187076,0.427457098,0.092348285,0
5.98649E-4,10.751783053,0.45152443,0.425897036,0.093227792,0
6.00683E-4,11.051728153,0.452364683,0.423946958,0.09762533,0
6.05902E-4,11.293602856,0.454508551,0.422386895,0.099384345,0
6.08847E-4,11.536554596,0.455710907,0.420826833,0.100263852,0
6.14716E-4,11.781776596,0.458091497,0.419266771,0.102902375,0
6.22553E-4,12.029080702,0.461237986,0.417706708,0.103781882,0
6.29936E-4,12.27987857,0.464168786,0.416146646,0.10466139,0
6.34324E-4,12.533067471,0.465896081,0.414586583,0.105540897,0
6.35427E-4,12.787013288,0.466328167,0.413026521,0.107299912,0
6.3999E-4,13.0421598,0.468109508,0.411466459,0.110817942,0
6.42169E-4,13.298747107,0.468955618,0.409906396,0.113456464,0
6.47471E-4,13.556741932,0.47100395,0.408346334,0.116094987,0
6.49388E-4,13.751280306,0.471740692,0.407176287,0.118733509,0
6.54017E-4,14.011750819,0.473510907,0.405616225,0.120492524,0
6.58831E-4,14.27460431,0.47533983,0.404056162,0.124010554,0
6.61223E-4,14.538724465,0.476243614,0.4024961,0.127528584,0
6.62886E-4,14.80368828,0.476870096,0.400936037,0.131046614,0
6.6403E-4,15.002767721,0.477300268,0.399765991,0.132805629,0
6.69032E-4,15.269615774,0.479172897,0.398205928,0.136323659,0
6.75809E-4,15.538897316,0.481688806,0.396645866,0.139841689,0
6.78279E-4,15.809872253,0.482599661,0.395085803,0.142480211,0
6.80499E-4,16.013916059,0.483415629,0.393915757,0.144239226,0
6.83188E-4,16.286718074,0.484400359,0.392355694,0.146877748,0
6.86283E-4,16.560862503,0.485529566,0.390795632,0.149516271,0
6.88544E-4,16.767243842,0.486351133,0.389625585,0.152154793,0
6.8938E-4,17.042934011,0.486654131,0.388065523,0.154793316,0
6.90429E-4,17.318948417,0.487034157,0.38650546,0.158311346,0
6.91809E-4,17.526393807,0.487533025,0.385335413,0.160070361,0
6.9532E-4,17.804181976,0.48879784,0.383775351,0.163588391,0
6.96125E-4,18.012965864,0.489087092,0.382605304,0.166226913,0
6.98816E-4,18.292197131,0.490051245,0.381045242,0.169744943,0
6.99879E-4,18.502032725,0.490430856,0.379875195,0.172383465,0
7.02687E-4,18.782540609,0.491431664,0.378315133,0.175901495,0
7.04617E-4,19.063870067,0.492117169,0.37675507,0.179419525,0
7.04819E-4,19.275296954,0.492188958,0.375585023,0.18117854,0
7.07228E-4,19.557797032,0.493041723,0.374024961,0.18469657,0
7.09949E-4,19.770466305,0.494001521,0.372854914,0.187335092,0
7.11278E-4,20.054783353,0.494469009,0.371294852,0.189973615,0
7.11949E-4,20.26831675,0.494704491,0.370124805,0.192612137,0
7.13473E-4,20.553374738,0.495239056,0.368564743,0.196130167,0
7.1461E-4,20.767620221,0.495637359,0.367394696,0.19876869,0
7.16912E-4,21.054101459,0.496441171,0.365834633,0.202286719,0
7.1819E-4,21.269516505,0.496886501,0.364664587,0.204925242,0
7.18892E-4,21.557032886,0.497130637,0.363104524,0.207563764,0
7.20961E-4,21.773036154,0.497849043,0.361934477,0.209322779,0
7.22257E-4,22.061708682,0.498298072,0.360374415,0.212840809,0
7.23381E-4,22.278545085,0.498686865,0.359204368,0.213720317,0
7.2483E-4,22.568372619,0.499187145,0.357644306,0.217238347,0
7.25595E-4,22.786050633,0.499451,0.356474259,0.219876869,0
7.27386E-4,23.004021238,0.500067266,0.355304212,0.221635884,0
7.2944E-4,23.295523884,0.500772071,0.35374415,0.224274406,0
7.30845E-4,23.514640841,0.501253282,0.352574103,0.226912929,0
7.32729E-4,23.807406204,0.501896953,0.351014041,0.230430959,0
7.33698E-4,24.027416139,0.50222717,0.349843994,0.233069481,0
7.34132E-4,24.321014325,0.502375182,0.348283931,0.235708004,0
7.35261E-4,24.541552313,0.502759367,0.347113885,0.238346526,0
7.35824E-4,24.762243394,0.50295054,0.345943838,0.240985048,0
7.36918E-4,25.056862624,0.50332208,0.344383775,0.244503078,0
7.38608E-4,25.278277362,0.503894803,0.343213729,0.247141601,0
7.40234E-4,25.500205493,0.504444228,0.342043682,0.249780123,0
7.40744E-4,25.796409317,0.504616424,0.340483619,0.252418646,0
7.4162E-4,26.018825633,0.504912008,0.339313573,0.255057168,0
7.43845E-4,26.31582303,0.50566081,0.33775351,0.25769569,0
7.44715E-4,26.539182246,0.505952992,0.336583463,0.259454705,0
7.4546E-4,26.762734014,0.506203026,0.335413417,0.262093228,0
7.47647E-4,27.061432751,0.50693505,0.333853354,0.265611258,0
7.48316E-4,27.285865923,0.507158799,0.332683307,0.26824978,0
7.4942E-4,27.510621356,0.507527149,0.331513261,0.270888303,0
7.50047E-4,27.810553178,0.507736134,0.329953198,0.274406332,0
7.50493E-4,28.035651659,0.507884712,0.328783151,0.277044855,0
7.50973E-4,28.260904407,0.508044471,0.327613105,0.279683377,0
7.5271E-4,28.561746143,0.50862188,0.326053042,0.283201407,0
7.53365E-4,28.78769619,0.508839448,0.324882995,0.28583993,0
7.53931E-4,29.013849276,0.509027008,0.323712949,0.288478452,0
7.54601E-4,29.315554415,0.50924928,0.322152886,0.291996482,0
7.55169E-4,29.542063369,0.509437166,0.320982839,0.293755497,0
7.55702E-4,29.768690003,0.509613628,0.319812793,0.295514512,0
7.57599E-4,30.071500038,0.51023989,0.31825273,0.298153034,0
7.58817E-4,30.29905788,0.510641498,0.317082683,0.300791557,0
7.59555E-4,30.526910841,0.510884414,0.315912637,0.303430079,0
7.60084E-4,30.75490895,0.511058177,0.31474259,0.306068602,0
7.61087E-4,31.059282668,0.511387691,0.313182527,0.309586631,0
7.61668E-4,31.287725682,0.511578603,0.31201248,0.312225154,0
7.6245E-4,31.516395331,0.511834904,0.310842434,0.314863676,0
7.63314E-4,31.821599952,0.51211789,0.309282371,0.318381706,0
7.6427E-4,32.050842149,0.512430534,0.308112324,0.321020229,0
7.65032E-4,32.280259266,0.51267965,0.306942278,0.323658751,0
7.66506E-4,32.510020081,0.51316064,0.305772231,0.326297274,0
7.68515E-4,32.816970126,0.513814434,0.304212168,0.328935796,0
7.69805E-4,33.047818118,0.514233239,0.303042122,0.331574318,0
7.7025E-4,33.278864727,0.514377799,0.301872075,0.334212841,0
7.71282E-4,33.5100854,0.514712159,0.300702028,0.336851363,0
7.72654E-4,33.818895652,0.515155981,0.299141966,0.340369393,0
7.73122E-4,34.050790888,0.515307178,0.297971919,0.343007916,0
7.73637E-4,34.282835971,0.515473717,0.296801872,0.345646438,0
7.7422E-4,34.515008852,0.515661899,0.295631825,0.347405453,0
7.74938E-4,34.82495317,0.515893185,0.294071763,0.350923483,0
7.76279E-4,35.05770928,0.516325199,0.292901716,0.353562005,0
7.77054E-4,35.290790251,0.516574129,0.291731669,0.356200528,0
7.77252E-4,35.523946194,0.516637754,0.290561622,0.35883905,0
7.78029E-4,35.75731464,0.516887311,0.289391576,0.360598065,0
7.79198E-4,36.068808766,0.517262456,0.287831513,0.364116095,0
7.79952E-4,36.302663389,0.517503771,0.286661466,0.36587511,0
7.80293E-4,36.536686534,0.517613012,0.28549142,0.368513632,0
7.80854E-4,36.770887551,0.517792459,0.284321373,0.371152155,0
7.81273E-4,37.005230688,0.517926449,0.283151326,0.373790677,0
7.81658E-4,37.317831929,0.518049397,0.281591264,0.377308707,0
7.82156E-4,37.552443947,0.518208272,0.280421217,0.37994723,0
7.82904E-4,37.787221261,0.518446983,0.27925117,0.380826737,0
7.83436E-4,38.022155849,0.518616552,0.278081123,0.383465259,0
7.83899E-4,38.257286638,0.518764097,0.276911076,0.386103782,0
7.83964E-4,38.570861858,0.518784831,0.275351014,0.389621812,0
7.84954E-4,38.806229999,0.519099824,0.274180967,0.391380827,0
7.85587E-4,39.04188113,0.519301097,0.27301092,0.394019349,0
7.8585E-4,39.277597607,0.519384673,0.271840874,0.396657872,0
7.87347E-4,39.513694294,0.519859567,0.270670827,0.399296394,0
7.87907E-4,39.75000239,0.52003724,0.26950078,0.401055409,0
7.88263E-4,40.065242878,0.520149971,0.267940718,0.404573439,0
7.889E-4,40.301877597,0.520351511,0.266770671,0.407211961,0
7.89679E-4,40.538710098,0.520597815,0.265600624,0.409850484,0
7.90262E-4,40.775700947,0.52078208,0.264430577,0.412489006,0
7.91292E-4,41.012951264,0.521107106,0.26326053,0.415127529,0
7.92044E-4,41.25043267,0.521344148,0.262090484,0.417766051,0
7.92396E-4,41.567325979,0.521454952,0.260530421,0.421284081,0
7.92885E-4,41.805118921,0.521609073,0.259360374,0.423922603,0
7.93491E-4,42.043054257,0.521799504,0.258190328,0.425681618,0
7.93911E-4,42.281192798,0.521931787,0.257020281,0.428320141,0
7.94729E-4,42.519509764,0.522188704,0.255850234,0.430958663,0
7.94931E-4,42.757980674,0.522252145,0.254680187,0.433597186,0
7.96288E-4,43.076282566,0.522677653,0.253120125,0.437115215,0
7.96864E-4,43.31530666,0.522858022,0.251950078,0.439753738,0
7.97043E-4,43.554407049,0.522913944,0.250780031,0.441512753,0
7.97291E-4,43.79355642,0.522991693,0.249609984,0.444151275,0
7.98025E-4,44.032882936,0.523221208,0.248439938,0.446789798,0
7.9828E-4,44.272343023,0.52330098,0.247269891,0.44942832,0
7.98616E-4,44.51191814,0.523405857,0.246099844,0.452066843,0
7.99436E-4,44.751679802,0.523661815,0.244929797,0.454705365,0
8.00417E-4,45.071744906,0.523967794,0.243369735,0.458223395,0
8.01489E-4,45.312104755,0.5243015,0.242199688,0.460861917,0
8.02296E-4,45.552775912,0.524552574,0.241029641,0.46350044,0
8.02936E-4,45.793569707,0.524751482,0.239859594,0.466138962,0
8.03799E-4,46.034639767,0.525019163,0.238689548,0.468777485,0
8.04271E-4,46.275851022,0.525165701,0.237519501,0.471416007,0
8.04901E-4,46.517281529,0.52536083,0.236349454,0.474054529,0
8.0537E-4,46.75884208,0.525506247,0.235179407,0.476693052,0
8.05933E-4,47.000538788,0.525680516,0.23400936,0.479331574,0
8.07115E-4,47.323304523,0.52604596,0.232449298,0.482849604,0
8.07447E-4,47.565500721,0.526148428,0.231279251,0.485488127,0
8.07974E-4,47.80783059,0.52631111,0.230109204,0.488126649,0
8.08595E-4,48.050329154,0.526502711,0.228939158,0.490765172,0
8.09355E-4,48.29305109,0.526736657,0.227769111,0.493403694,0
8.09619E-4,48.53591235,0.526818011,0.226599064,0.496042216,0
8.10141E-4,48.778929523,0.526978658,0.225429017,0.498680739,0
8.10491E-4,49.022028119,0.527086501,0.22425897,0.501319261,0
8.11797E-4,49.265533856,0.527487595,0.223088924,0.503957784,0
8.12511E-4,49.509253568,0.527706986,0.221918877,0.505716799,0
8.12989E-4,49.753121632,0.527853506,0.22074883,0.508355321,0
8.13759E-4,50.078500829,0.528089266,0.219188768,0.511873351,0
8.14114E-4,50.322721271,0.528197906,0.218018721,0.514511873,0
8.14382E-4,50.567032762,0.528280181,0.216848674,0.517150396,0
8.1445E-4,50.811361287,0.528300943,0.215678627,0.519788918,0
8.15997E-4,51.056078415,0.528773841,0.21450858,0.522427441,0
8.16751E-4,51.301080902,0.529003889,0.213338534,0.525065963,0
8.17071E-4,51.54616993,0.529101458,0.212168487,0.527704485,0
8.17332E-4,51.791333573,0.529180916,0.21099844,0.530343008,0
8.17805E-4,52.036594548,0.529325237,0.209828393,0.53298153,0
8.17935E-4,52.281963586,0.529364756,0.208658346,0.535620053,0
8.18335E-4,52.52740722,0.529486733,0.2074883,0.538258575,0
8.19237E-4,52.773113373,0.52976109,0.206318253,0.540897098,0
8.19739E-4,53.018992152,0.529913721,0.205148206,0.54353562,0
8.21445E-4,53.265235427,0.530431453,0.203978159,0.546174142,0
8.22309E-4,53.511894583,0.530693453,0.202808112,0.548812665,0
8.22679E-4,53.758670414,0.530805427,0.201638066,0.551451187,0
8.23173E-4,54.005558,0.530954969,0.200468019,0.55408971,0
8.23675E-4,54.252604186,0.531106668,0.199297972,0.556728232,0
8.24447E-4,54.582308053,0.531339935,0.19773791,0.560246262,0
8.24854E-4,54.829708656,0.53146279,0.196567863,0.562884785,0
8.25289E-4,55.077233748,0.53159427,0.195397816,0.565523307,0
8.25755E-4,55.324915314,0.531734796,0.194227769,0.568161829,0
8.25987E-4,55.572691863,0.531804676,0.193057722,0.570800352,0
8.2639E-4,55.82057861,0.531926028,0.191887676,0.573438874,0
8.27253E-4,56.068619398,0.532186109,0.190717629,0.576077397,0
8.27392E-4,56.316820546,0.532227768,0.189547582,0.578715919,0
8.28606E-4,56.565300881,0.532592718,0.188377535,0.581354442,0
8.29219E-4,56.814060304,0.532776837,0.187207488,0.583113456,0
8.2931E-4,57.062846155,0.532804239,0.186037441,0.585751979,0
8.29492E-4,57.311671939,0.532858801,0.184867395,0.588390501,0
8.29926E-4,57.560609669,0.532988903,0.183697348,0.591029024,0
8.30522E-4,57.809730945,0.533167637,0.182527301,0.593667546,0
8.31359E-4,58.059062017,0.533418277,0.181357254,0.596306069,0
8.32497E-4,58.308661019,0.533758916,0.180187207,0.598944591,0
8.33306E-4,58.558550431,0.534000584,0.179017161,0.601583113,0
8.3372E-4,58.808591346,0.534124294,0.177847114,0.604221636,0
8.34394E-4,59.05883738,0.534325169,0.176677067,0.606860158,0
8.35036E-4,59.309344505,0.534516521,0.17550702,0.609498681,0
8.35853E-4,59.560031949,0.534759833,0.174336973,0.612137203,0
8.3632E-4,59.810882527,0.53489882,0.173166927,0.614775726,0
8.3721E-4,60.061976808,0.535163376,0.17199688,0.616534741,0
8.38099E-4,60.313270143,0.535427356,0.170826833,0.619173263,0
8.39358E-4,60.564971301,0.535800714,0.169656786,0.621811785,0
8.40504E-4,60.81701871,0.536140218,0.168486739,0.624450308,0
8.41426E-4,61.069283177,0.536412832,0.167316693,0.62708883,0
8.42557E-4,61.321943747,0.536746989,0.166146646,0.629727353,0
8.43275E-4,61.574857592,0.536958754,0.164976599,0.632365875,0
8.43798E-4,61.827947414,0.537112676,0.163806552,0.635004398,0
8.4428E-4,62.081200292,0.537254745,0.162636505,0.63764292,0
8.44875E-4,62.250116285,0.537429972,0.161856474,0.639401935,0
8.44998E-4,62.503600899,0.537466203,0.160686427,0.642040457,0
8.46506E-4,62.757416323,0.537909443,0.159516381,0.64467898,0
8.47379E-4,63.011482187,0.538165446,0.158346334,0.647317502,0
8.47675E-4,63.265758703,0.538252213,0.157176287,0.649956025,0
8.48422E-4,63.520270664,0.538471106,0.15600624,0.652594547,0
8.48901E-4,63.77489407,0.538611433,0.154836193,0.655233069,0
8.49527E-4,64.029718896,0.538794576,0.153666147,0.657871592,0
8.50171E-4,64.284654066,0.538982958,0.1524961,0.660510114,0
8.50636E-4,64.53979296,0.539118968,0.151326053,0.663148637,0
8.52015E-4,64.795258295,0.539521209,0.150156006,0.665787159,0
8.53443E-4,65.051222699,0.539937337,0.148985959,0.668425682,0
8.54096E-4,65.30735917,0.540127186,0.147815913,0.671064204,0
8.54666E-4,65.563714894,0.540293154,0.146645866,0.672823219,0
8.55211E-4,65.820203505,0.540451293,0.145475819,0.675461741,0
8.55912E-4,66.076922043,0.540654758,0.144305772,0.678100264,0
8.56806E-4,66.333889942,0.540913966,0.143135725,0.680738786,0
8.56875E-4,66.505260814,0.540934053,0.142355694,0.682497801,0
8.57382E-4,66.762431296,0.541080855,0.141185647,0.685136324,0
8.58099E-4,67.019789602,0.541288414,0.140015601,0.687774846,0
8.58471E-4,67.277263936,0.541396125,0.138845554,0.690413369,0
8.59119E-4,67.534905524,0.541583403,0.137675507,0.693051891,0
8.59893E-4,67.792763494,0.541807183,0.13650546,0.695690413,0
8.60396E-4,68.050786883,0.541952271,0.135335413,0.698328936,0
8.61165E-4,68.309030234,0.542174046,0.134165367,0.700967458,0
8.61973E-4,68.567563007,0.542406771,0.13299532,0.703605981,0
8.63114E-4,68.826403894,0.542734959,0.131825273,0.706244503,0
8.63475E-4,69.085419782,0.542838942,0.130655226,0.708883026,0
8.6415E-4,69.25819648,0.543032688,0.129875195,0.71064204,0
8.65372E-4,69.517691075,0.54338351,0.128705148,0.713280563,0
8.66284E-4,69.777476179,0.543644697,0.127535101,0.715919085,0
8.66555E-4,70.037414793,0.543722259,0.126365055,0.718557608,0
8.67431E-4,70.297533029,0.5439729,0.125195008,0.72119613,0
8.68531E-4,70.558071679,0.544287225,0.124024961,0.723834653,0
8.68985E-4,70.818719122,0.544416964,0.122854914,0.726473175,0
8.69549E-4,71.07952596,0.544577964,0.121684867,0.729111697,0
8.69719E-4,71.253469245,0.544626505,0.120904836,0.730870712,0
8.70168E-4,71.514490934,0.544754375,0.119734789,0.733509235,0
8.70439E-4,71.775588543,0.544831708,0.118564743,0.736147757,0
8.70557E-4,72.036749336,0.544865299,0.117394696,0.73878628,0
8.72064E-4,72.298226088,0.545294166,0.116224649,0.741424802,0
8.73268E-4,72.560038676,0.545636059,0.115054602,0.744063325,0
8.73578E-4,72.822087075,0.545724172,0.113884555,0.746701847,0
8.7426E-4,73.084323492,0.545917583,0.112714509,0.749340369,0
8.75846E-4,73.259462817,0.546366976,0.111934477,0.751099384,0
8.76037E-4,73.522251518,0.546420984,0.110764431,0.753737907,0
8.7699E-4,73.785246924,0.546690466,0.109594384,0.756376429,0
8.77523E-4,74.048472541,0.546840996,0.108424337,0.759014952,0
8.78044E-4,74.311833471,0.546987898,0.10725429,0.761653474,0
8.79545E-4,74.575484675,0.547411285,0.106084243,0.764291996,0
8.79952E-4,74.751458053,0.547525789,0.105304212,0.766051011,0
8.80157E-4,75.015491483,0.547583487,0.104134165,0.768689534,0
8.81298E-4,75.279826816,0.547904532,0.102964119,0.771328056,0
8.81958E-4,75.544338553,0.548089807,0.101794072,0.773966579,0
8.83235E-4,75.809174392,0.548448357,0.100624025,0.776605101,0
8.84153E-4,76.07429535,0.548705487,0.099453978,0.779243624,0
8.84547E-4,76.251181849,0.548815726,0.098673947,0.781002639,0
8.85982E-4,76.516853494,0.549217104,0.0975039,0.783641161,0
8.86902E-4,76.782828978,0.549474031,0.096333853,0.786279683,0
8.88678E-4,77.049192411,0.549969264,0.095163807,0.788918206,0
8.90597E-4,77.316194665,0.550503212,0.09399376,0.791556728,0
8.91549E-4,77.583569277,0.550767391,0.092823713,0.794195251,0
8.91571E-4,77.761883297,0.550773517,0.092043682,0.795954266,0
8.93198E-4,78.029621921,0.551224548,0.090873635,0.798592788,0
8.9418E-4,78.297734669,0.551496366,0.089703588,0.80123131,0
8.95992E-4,78.566189479,0.551997068,0.088533541,0.803869833,0
8.98719E-4,78.835670012,0.552748381,0.087363495,0.806508355,0
8.99273E-4,79.015494107,0.552900811,0.086583463,0.80826737,0
8.99684E-4,79.285390969,0.553013689,0.085413417,0.810026385,0
9.00511E-4,79.555465993,0.553240749,0.08424337,0.812664908,0
9.02815E-4,79.826142622,0.553872246,0.083073323,0.81530343,0
9.03508E-4,80.006825654,0.554061983,0.082293292,0.817062445,0
9.04724E-4,80.278048278,0.554394279,0.081123245,0.819700967,0
9.05838E-4,80.54972183,0.554698197,0.079953198,0.82233949,0
9.0786E-4,80.821772726,0.555248839,0.078783151,0.824978012,0
9.08147E-4,81.003385991,0.555327032,0.07800312,0.826737027,0
9.0897E-4,81.276043088,0.55555076,0.076833073,0.82937555,0
9.11741E-4,81.549364033,0.556302044,0.075663027,0.832014072,0
9.13143E-4,81.823190696,0.556681446,0.07449298,0.834652595,0
9.13773E-4,82.005927354,0.556851411,0.073712949,0.836411609,0
9.15169E-4,82.280320275,0.55722808,0.072542902,0.839050132,0
9.16192E-4,82.555052496,0.557503809,0.071372855,0.841688654,0
9.16793E-4,82.830011254,0.557665597,0.070202808,0.844327177,0
9.17988E-4,83.013508265,0.557987002,0.069422777,0.846086192,0
9.18565E-4,83.289041925,0.558141975,0.06825273,0.848724714,0
9.20065E-4,83.5648672,0.558544225,0.067082683,0.851363237,0
9.22253E-4,83.841259396,0.559129868,0.065912637,0.853122252,0
9.23085E-4,84.025800172,0.559352085,0.065132605,0.854881266,0
9.23886E-4,84.302883651,0.559565941,0.063962559,0.857519789,0
9.25331E-4,84.580263547,0.559950986,0.062792512,0.860158311,0
9.25624E-4,84.765368384,0.560029045,0.06201248,0.861917326,0
9.27627E-4,85.043485888,0.560561604,0.060842434,0.864555849,0
9.28303E-4,85.321867415,0.560741047,0.059672387,0.867194371,0
9.28695E-4,85.507579781,0.560845067,0.058892356,0.868953386,0
9.29811E-4,85.786420263,0.56114085,0.057722309,0.871591909,0
9.31297E-4,86.065740217,0.561533974,0.056552262,0.874230431,0
9.31839E-4,86.252058059,0.561677178,0.055772231,0.875989446,0
9.32281E-4,86.531689903,0.561793931,0.054602184,0.878627968,0
9.32501E-4,86.811430849,0.56185206,0.053432137,0.881266491,0
9.33636E-4,87.091377001,0.562151366,0.05226209,0.883905013,0
9.3482E-4,87.278230477,0.562463457,0.051482059,0.885664028,0
9.36219E-4,87.558990135,0.562831448,0.050312012,0.888302551,0
9.37264E-4,87.840080365,0.563105747,0.049141966,0.890941073,0
9.3909E-4,88.027740257,0.56358456,0.048361934,0.892700088,0
9.40972E-4,88.309752107,0.56407691,0.047191888,0.89533861,0
9.42262E-4,88.592260486,0.564413724,0.046021841,0.897977133,0
9.43468E-4,88.780842803,0.56472817,0.04524181,0.899736148,0
9.4471E-4,89.064094946,0.565051648,0.044071763,0.90237467,0
9.45173E-4,89.253119323,0.565172028,0.043291732,0.904133685,0
9.46115E-4,89.536861211,0.565416834,0.042121685,0.906772208,0
9.4643E-4,89.820745191,0.565498477,0.040951638,0.90941073,0
9.4716E-4,90.010152427,0.565688107,0.040171607,0.911169745,0
9.47771E-4,90.294396155,0.565846407,0.03900156,0.913808267,0
9.49622E-4,90.579131696,0.566325646,0.037831513,0.91644679,0
9.52631E-4,90.76957542,0.567102541,0.037051482,0.918205805,0
9.53428E-4,91.055479373,0.567307759,0.035881435,0.920844327,0
9.55057E-4,91.34183436,0.567726867,0.034711388,0.92348285,0
9.56168E-4,91.532984703,0.56801217,0.033931357,0.925241865,0
9.56646E-4,91.819920277,0.568134809,0.03276131,0.927880387,0
9.57019E-4,92.011307439,0.568230304,0.031981279,0.929639402,0
9.57498E-4,92.298515134,0.568353055,0.030811232,0.932277924,0
9.58783E-4,92.586053177,0.56868205,0.029641186,0.934916447,0
9.59825E-4,92.777946247,0.568948431,0.028861154,0.936675462,0
9.62679E-4,93.066384421,0.569676603,0.027691108,0.939313984,0
9.62822E-4,93.258941767,0.569713031,0.026911076,0.941072999,0
9.64543E-4,93.54806156,0.570150561,0.02574103,0.943711522,0
9.65315E-4,93.837607213,0.570346665,0.024570983,0.946350044,0
9.65821E-4,94.03074586,0.570475154,0.023790952,0.948109059,0
9.67706E-4,94.320949323,0.570952954,0.022620905,0.950747581,0
9.68301E-4,94.514566478,0.571103501,0.021840874,0.951627089,0
9.69009E-4,94.80524548,0.571282447,0.020670827,0.954265611,0
9.6975E-4,95.096078936,0.571469634,0.01950078,0.956904134,0
9.70753E-4,95.290159792,0.571722781,0.018720749,0.958663149,0
9.75045E-4,95.582236625,0.572802688,0.017550702,0.961301671,0
9.77993E-4,95.777592871,0.573541341,0.016770671,0.963060686,0
9.79305E-4,96.071261366,0.573869214,0.015600624,0.965699208,0
9.79616E-4,96.267159529,0.573946756,0.014820593,0.967458223,0
9.80825E-4,96.561273518,0.574248376,0.013650546,0.970096746,0
9.81176E-4,96.75750417,0.574335754,0.012870515,0.971855761,0
9.83586E-4,97.052372336,0.574935496,0.011700468,0.974494283,0
9.87458E-4,97.348329298,0.575895399,0.010530421,0.977132806,0
9.91686E-4,97.546359616,0.576938524,0.00975039,0.978891821,0
9.96091E-4,97.84480985,0.578019934,0.008580343,0.981530343,0
9.98413E-4,98.044403149,0.578587745,0.007800312,0.983289358,0
1.01002E-3,98.346369676,0.581402428,0.006630265,0.985048373,0
1.01441E-3,98.54908969,0.582458417,0.005850234,0.986807388,0
1.02138E-3,98.753092657,0.584121972,0.005070203,0.988566403,0
1.02315E-3,99.059841795,0.584543093,0.003900156,0.991204925,0
1.03231E-3,99.265798113,0.58670618,0.003120125,0.99296394,0
1.04493E-3,99.577086861,0.589649757,0.001950078,0.995602463,0
1.04799E-3,99.786546163,0.590356329,0.001170047,0.997361478,0
1.0855E-3,100,0.598834488,0.000390016,0.999120493,0
1.0855E-3,100,0.598834488,0,0.999120493,0
